Metabolite,Concentration (M),Organism,,,
NAD+,5.02E-4,Homo sapiens,,,
NADH,7.50E-5,Homo sapiens,,,
NAD+,5.02E-4,Mus musculus,,,
NADH,7.50E-5,Mus musculus,,,
NADP+,2.84E-5,Mus musculus,,,
NADPH,6.54E-5,Mus musculus,,,
NADPH,6.54E-5,Homo sapiens,,,
NADPH,6.54E-5,Homo sapiens,,,
NADPH,6.54E-5,Homo sapiens,,,
NAD+,5.02E-4,Homo sapiens,,,
NADH,7.50E-5,Homo sapiens,,,
NADP+,2.84E-5,Homo sapiens,,,
NADPH,6.54E-5,Homo sapiens,,,
NAD+,5.02E-4,Homo sapiens,,,
NADH,7.50E-5,Homo sapiens,,,
NAD+,5.02E-4,Homo sapiens,,,
NADP+,2.84E-5,Homo sapiens,,,
NADPH,6.54E-5,Homo sapiens,,,
NAD+,5.02E-4,Homo sapiens,,,
NADH,7.50E-5,Homo sapiens,,,
NADP+,2.84E-5,Homo sapiens,,,
NADPH,6.54E-5,Homo sapiens,,,
NADPH,6.54E-5,Homo sapiens,,,
NADPH,6.54E-5,Homo sapiens,,,
NADH,7.50E-5,Homo sapiens,,,
NADPH,6.54E-5,Homo sapiens,,,
NADPH,6.54E-5,Mus musculus,,,
NADPH,6.54E-5,Homo sapiens,,,
NADPH,6.54E-5,Homo sapiens,,,
IMP,1.23E-5,Mus musculus,,,
NAD+,5.02E-4,Mus musculus,,,
NADH,7.50E-5,Homo sapiens,,,
NADPH,6.54E-5,Homo sapiens,,,
UDP-glucose,1.53E-3,Homo sapiens,,,
NAD+,5.02E-4,Homo sapiens,,,
UDP,1.33E-4,Homo sapiens,,,
NAD+,5.02E-4,Homo sapiens,,,
pyruvate,5.88E-3,Homo sapiens,,,
glutathione,3.09E-3,Homo sapiens,,,
NAD+,5.02E-4,Homo sapiens,,,
NADH,7.50E-5,Homo sapiens,,,
NADP+,2.84E-5,Homo sapiens,,,
NADPH,6.54E-5,Homo sapiens,,,
NAD+,5.02E-4,Homo sapiens,,,
NAD+,5.02E-4,Homo sapiens,,,
NADH,7.50E-5,Homo sapiens,,,
NADP+,2.84E-5,Homo sapiens,,,
NADPH,6.54E-5,Homo sapiens,,,
NAD+,5.02E-4,Homo sapiens,,,
NAD+,5.02E-4,Homo sapiens,,,
NADP+,2.84E-5,Homo sapiens,,,
NADPH,6.54E-5,Homo sapiens,,,
NAD+,5.02E-4,Homo sapiens,,,
NADH,7.50E-5,Homo sapiens,,,
NAD+,5.02E-4,Homo sapiens,,,
pyruvate,5.88E-3,Homo sapiens,,,
malate,1.39E-3,Homo sapiens,,,
NADP+,2.84E-5,Homo sapiens,,,
NADPH,6.54E-5,Homo sapiens,,,
NAD+,5.02E-4,Homo sapiens,,,
isocitrate,3.21E-5,Homo sapiens,,,
isocitrate,3.21E-5,Mus musculus,,,
NADP+,2.84E-5,Mus musculus,,,
6-phospho-D-gluconate,1.65E-5,Homo sapiens,,,
NADP+,2.84E-5,Homo sapiens,,,
glucose-6-phosphate,6.75E-4,Homo sapiens,,,
NADP+,2.84E-5,Homo sapiens,,,
NADPH,6.54E-5,Homo sapiens,,,
NADP+,2.84E-5,Homo sapiens,,,
NADPH,6.54E-5,Mus musculus,,,
NAD+,5.02E-4,Homo sapiens,,,
NADH,7.50E-5,Homo sapiens,,,
NADP+,2.84E-5,Homo sapiens,,,
NADPH,6.54E-5,Homo sapiens,,,
NAD+,5.02E-4,Homo sapiens,,,
NADH,7.50E-5,Homo sapiens,,,
NADP+,2.84E-5,Homo sapiens,,,
NADPH,6.54E-5,Homo sapiens,,,
NADH,7.50E-5,Homo sapiens,,,
NADPH,6.54E-5,Homo sapiens,,,
NAD+,5.02E-4,Homo sapiens,,,
NADH,7.50E-5,Homo sapiens,,,
dihydroxyacetonephosphate,1.63E-3,Homo sapiens,,,
NAD+,5.02E-4,Homo sapiens,,,
NADH,7.50E-5,Homo sapiens,,,
NADP+,2.84E-5,Homo sapiens,,,
NADPH,6.54E-5,Homo sapiens,,,
a-ketoglutarate,7.97E-4,Mus musculus,,,
NADH,7.50E-5,Homo sapiens,,,
glutathione,3.09E-3,Homo sapiens,,,
tryptophan,1.80E-4,Mus musculus,,,
cysteine,8.40E-5,Mus musculus,,,
phenylpyruvate,1.77E-3,Homo sapiens,,,
tryptophan,1.80E-4,Mus musculus,,,
a-ketoglutarate,7.97E-4,Mus musculus,,,
a-ketoglutarate,7.97E-4,Homo sapiens,,,
a-ketoglutarate,7.97E-4,Homo sapiens,,,
a-ketoglutarate,7.97E-4,Mus musculus,,,
a-ketoglutarate,7.97E-4,Homo sapiens,,,
a-ketoglutarate,7.97E-4,Homo sapiens,,,
a-ketoglutarate,7.97E-4,Homo sapiens,,,
a-ketoglutarate,7.97E-4,Homo sapiens,,,
NADPH,6.54E-5,Homo sapiens,,,
FAD,5.60E-6,Homo sapiens,,,
NADPH,6.54E-5,Homo sapiens,,,
arginine,2.55E-4,Mus musculus,,,
methionine,6.39E-4,Homo sapiens,,,
NADPH,6.54E-5,Homo sapiens,,,
tryptophan,1.80E-4,Homo sapiens,,,
methionine,6.39E-4,Homo sapiens,,,
phenylalanine,8.40E-4,Mus musculus,,,
phenylalanine,8.40E-4,Homo sapiens,,,
tyrosine,9.38E-4,Homo sapiens,,,
tryptophan,1.80E-4,Mus musculus,,,
phenylalanine,8.40E-4,Mus musculus,,,
tyrosine,9.38E-4,Mus musculus,,,
NADPH,6.54E-5,Homo sapiens,,,
NAD+,5.02E-4,Homo sapiens,,,
glyceraldehyde-3-phosphate,1.41E-4,Homo sapiens,,,
NAD+,5.02E-4,Homo sapiens,,,
NADH,7.50E-5,Homo sapiens,,,
"1,3-bisphosphoglycerate",2.24E-6,Homo sapiens,,,
NAD+,5.02E-4,Mus musculus,,,
NAD+,5.02E-4,Homo sapiens,,,
NAD+,5.02E-4,Homo sapiens,,,
NAD+,5.02E-4,Mus musculus,,,
NADH,7.50E-5,Homo sapiens,,,
NADPH,6.54E-5,Homo sapiens,,,
NAD+,5.02E-4,Homo sapiens,,,
NADH,7.50E-5,Homo sapiens,,,
NAD+,5.02E-4,Homo sapiens,,,
NADP+,2.84E-5,Homo sapiens,,,
NAD+,5.02E-4,Mus musculus,,,
NADP+,2.84E-5,Mus musculus,,,
NAD+,5.02E-4,Homo sapiens,,,
pyruvate,5.88E-3,Homo sapiens,,,
a-ketoglutarate,7.97E-4,Homo sapiens,,,
NADPH,6.54E-5,Homo sapiens,,,
NADPH,6.54E-5,Homo sapiens,,,
NADPH,6.54E-5,Homo sapiens,,,
NADPH,6.54E-5,Homo sapiens,,,
NADH,7.50E-5,Homo sapiens,,,
dihydroorotate,7.35E-4,Homo sapiens,,,
NAD+,5.02E-4,Homo sapiens,,,
NADH,7.50E-5,Homo sapiens,,,
a-ketoglutarate,7.97E-4,Homo sapiens,,,
glutamate,6.38E-2,Homo sapiens,,,
glycine,3.71E-3,Homo sapiens,,,
NAD+,5.02E-4,Mus musculus,,,
NADP+,2.84E-5,Homo sapiens,,,
NAD+,5.02E-4,Homo sapiens,,,
NADP+,2.84E-5,Homo sapiens,,,
NADPH,6.54E-5,Homo sapiens,,,
NADPH,6.54E-5,Mus musculus,,,
FAD,5.60E-6,Homo sapiens,,,
NADPH,6.54E-5,Homo sapiens,,,
NADH,7.50E-5,Homo sapiens,,,
NADPH,6.54E-5,Homo sapiens,,,
NAD+,5.02E-4,Homo sapiens,,,
NADP+,2.84E-5,Mus musculus,,,
a-ketoglutarate,7.97E-4,Homo sapiens,,,
lysine,5.06E-4,Homo sapiens,,,
NADPH,6.54E-5,Homo sapiens,,,
NAD+,5.02E-4,Homo sapiens,,,
NADH,7.50E-5,Homo sapiens,,,
NADH,7.50E-5,Homo sapiens,,,
NADPH,6.54E-5,Homo sapiens,,,
NADH,7.50E-5,Mus musculus,,,
NADPH,6.54E-5,Mus musculus,,,
NADPH,6.54E-5,Homo sapiens,,,
NADH,7.50E-5,Homo sapiens,,,
GMP,1.81E-5,Homo sapiens,,,
NADPH,6.54E-5,Homo sapiens,,,
NAD+,5.02E-4,Homo sapiens,,,
NADH,7.50E-5,Homo sapiens,,,
glutathione,3.09E-3,Homo sapiens,,,
NADH,7.50E-5,Homo sapiens,,,
glutathione disulfide,1.80E-5,Mus musculus,,,
NADPH,6.54E-5,Mus musculus,,,
NADPH,6.54E-5,Homo sapiens,,,
glutathione,3.09E-3,Homo sapiens,,,
ATP,4.67E-3,Homo sapiens,,,
glutathione,3.09E-3,Homo sapiens,,,
glycine,3.71E-3,Homo sapiens,,,
aspartate,1.49E-2,Homo sapiens,,,
serine,4.86E-3,Mus musculus,,,
glycine,3.71E-3,Homo sapiens,,,
arginine,2.55E-4,Homo sapiens,,,
xylulose-5-phosphate,2.99E-5,Mus musculus,,,
ribose-5-phosphate,2.84E-5,Mus musculus,,,
fructose-6-phosphate,9.69E-5,Homo sapiens,,,
erythrose-4-phosphate,1.03E-5,Homo sapiens,,,
glutamate,6.38E-2,Mus musculus,,,
acetyl-CoA,2.88E-5,Mus musculus,,,
glycine,3.71E-3,Homo sapiens,,,
alanine,6.98E-3,Homo sapiens,,,
aspartate,1.49E-2,Mus musculus,,,
acetyl-CoA,2.88E-5,Mus musculus,,,
glutamine,1.72E-2,Homo sapiens,,,
acetyl-CoA,2.88E-5,Mus musculus,,,
acetyl-CoA,2.88E-5,Homo sapiens,,,
acetyl-CoA,2.88E-5,Homo sapiens,,,
serine,4.86E-3,Homo sapiens,,,
acetyl-CoA,2.88E-5,Homo sapiens,,,
acetyl-CoA,2.88E-5,Homo sapiens,,,
glycine,3.71E-3,Homo sapiens,,,
acetyl-CoA,2.88E-5,Mus musculus,,,
acetyl-CoA,2.88E-5,Mus musculus,,,
glycine,3.71E-3,Homo sapiens,,,
alanine,6.98E-3,Homo sapiens,,,
acetyl-CoA,2.88E-5,Homo sapiens,,,
acetyl-CoA,2.88E-5,Homo sapiens,,,
malonyl-CoA,4.95E-6,Homo sapiens,,,
acetyl-CoA,2.88E-5,Homo sapiens,,,
NADPH,6.54E-5,Homo sapiens,,,
acetyl-CoA,2.88E-5,Homo sapiens,,,
acetyl-CoA,2.88E-5,Homo sapiens,,,
coenzyme-A,4.04E-3,Homo sapiens,,,
histidine,4.10E-4,Homo sapiens,,,
glutathione,3.09E-3,Mus musculus,,,
glutathione disulfide,1.80E-5,Homo sapiens,,,
acetyl-CoA,2.88E-5,Homo sapiens,,,
ATP,4.67E-3,Homo sapiens,,,
coenzyme-A,4.04E-3,Homo sapiens,,,
citrate,5.84E-4,Homo sapiens,,,
UDP-N-acetyl-glucosamine,8.97E-3,Mus musculus,,,
UDP-glucose,1.53E-3,Homo sapiens,,,
UDP-glucose,1.53E-3,Homo sapiens,,,
UDP-glucose,1.53E-3,Homo sapiens,,,
UDP-glucuronate,9.75E-5,Mus musculus,,,
UDP-N-acetyl-glucosamine,8.97E-3,Homo sapiens,,,
UDP-N-acetyl-glucosamine,8.97E-3,Homo sapiens,,,
UDP-N-acetyl-glucosamine,8.97E-3,Homo sapiens,,,
UDP-glucose,1.53E-3,Homo sapiens,,,
UDP-N-acetyl-glucosamine,8.97E-3,Homo sapiens,,,
UDP-glucuronate,9.75E-5,Homo sapiens,,,
UDP-glucuronate,9.75E-5,Homo sapiens,,,
UDP-N-acetyl-glucosamine,8.97E-3,Homo sapiens,,,
UDP-glucose,1.53E-3,Homo sapiens,,,
UDP-glucose,1.53E-3,Homo sapiens,,,
UDP-glucuronate,9.75E-5,Homo sapiens,,,
UDP-N-acetyl-glucosamine,8.97E-3,Homo sapiens,,,
GMP,1.81E-5,Homo sapiens,,,
GDP,3.02E-5,Homo sapiens,,,
UDP-glucose,1.53E-3,Homo sapiens,,,
UDP-glucose,1.53E-3,Homo sapiens,,,
UDP-glucose,1.53E-3,Homo sapiens,,,
UDP-N-acetyl-glucosamine,8.97E-3,Homo sapiens,,,
inosine,1.33E-6,Mus musculus,,,
guanosine,1.35E-6,Homo sapiens,,,
ADP,5.69E-4,Homo sapiens,,,
ATP,4.67E-3,Homo sapiens,,,
glutamine,1.72E-2,Homo sapiens,,,
thymidine,2.64E-6,Mus musculus,,,
NAD+,5.02E-4,Mus musculus,,,
thymidine,2.64E-6,Mus musculus,,,
IMP,1.23E-5,Homo sapiens,,,
ATP,4.67E-3,Homo sapiens,,,
glutathione,3.09E-3,Mus musculus,,,
NAD+,5.02E-4,Homo sapiens,,,
ATP,4.67E-3,Homo sapiens,,,
methionine,6.39E-4,Homo sapiens,,,
aspartate,1.49E-2,Homo sapiens,,,
a-ketoglutarate,7.97E-4,Homo sapiens,,,
a-ketoglutarate,7.97E-4,Mus musculus,,,
fructose-6-phosphate,9.69E-5,Homo sapiens,,,
a-ketoglutarate,7.97E-4,Mus musculus,,,
alanine,6.98E-3,Homo sapiens,,,
a-ketoglutarate,7.97E-4,Homo sapiens,,,
glutamate,6.38E-2,Homo sapiens,,,
a-ketoglutarate,7.97E-4,Homo sapiens,,,
glutamate,6.38E-2,Homo sapiens,,,
glutamate,6.38E-2,Homo sapiens,,,
pyruvate,5.88E-3,Homo sapiens,,,
valine,1.51E-3,Homo sapiens,,,
a-ketoglutarate,7.97E-4,Homo sapiens,,,
glutamate,6.38E-2,Homo sapiens,,,
isoleucine,1.76E-3,Homo sapiens,,,
leucine,1.76E-3,Homo sapiens,,,
glycine,3.71E-3,Homo sapiens,,,
pyruvate,5.88E-3,Homo sapiens,,,
alanine,6.98E-3,Mus musculus,,,
cysteine,8.40E-5,Homo sapiens,,,
a-ketoglutarate,7.97E-4,Mus musculus,,,
tyrosine,9.38E-4,Mus musculus,,,
tryptophan,1.80E-4,Mus musculus,,,
pyruvate,5.88E-3,Mus musculus,,,
cysteine,8.40E-5,Mus musculus,,,
oxaloacetate,2.01E-6,Mus musculus,,,
asparagine,2.15E-4,Mus musculus,,,
glutamine,1.72E-2,Mus musculus,,,
methionine,6.39E-4,Mus musculus,,,
a-ketoglutarate,7.97E-4,Mus musculus,,,
leucine,1.76E-3,Homo sapiens,,,
histidine,4.10E-4,Mus musculus,,,
phenylalanine,8.40E-4,Mus musculus,,,
tyrosine,9.38E-4,Mus musculus,,,
phenylpyruvate,1.77E-3,Mus musculus,,,
ATP,4.67E-3,Mus musculus,,,
UTP,1.76E-3,Homo sapiens,,,
CTP,8.97E-4,Homo sapiens,,,
ATP,4.67E-3,Homo sapiens,,,
ATP,4.67E-3,Homo sapiens,,,
ATP,4.67E-3,Homo sapiens,,,
fructose-6-phosphate,9.69E-5,Homo sapiens,,,
ATP,4.67E-3,Homo sapiens,,,
ATP,4.67E-3,Homo sapiens,,,
ATP,4.67E-3,Mus musculus,,,
ATP,4.67E-3,Homo sapiens,,,
ATP,4.67E-3,Homo sapiens,,,
ATP,4.67E-3,Homo sapiens,,,
ATP,4.67E-3,Homo sapiens,,,
ATP,4.67E-3,Homo sapiens,,,
ATP,4.67E-3,Homo sapiens,,,
thymidine,2.64E-6,Mus musculus,,,
ATP,4.67E-3,Mus musculus,,,
UTP,1.76E-3,Homo sapiens,,,
CTP,8.97E-4,Mus musculus,,,
GTP,6.77E-4,Mus musculus,,,
ATP,4.67E-3,Homo sapiens,,,
NAD+,5.02E-4,Homo sapiens,,,
ATP,4.67E-3,Homo sapiens,,,
ATP,4.67E-3,Homo sapiens,,,
ATP,4.67E-3,Homo sapiens,,,
ATP,4.67E-3,Mus musculus,,,
ATP,4.67E-3,Homo sapiens,,,
ATP,4.67E-3,Homo sapiens,,,
ADP,5.69E-4,Homo sapiens,,,
phosphoenolpyruvate,1.16E-5,Homo sapiens,,,
ATP,4.67E-3,Homo sapiens,,,
ATP,4.67E-3,Homo sapiens,,,
ATP,4.67E-3,Mus musculus,,,
ATP,4.67E-3,Homo sapiens,,,
thymidine,2.64E-6,Homo sapiens,,,
ATP,4.67E-3,Homo sapiens,,,
UTP,1.76E-3,Homo sapiens,,,
CTP,8.97E-4,Homo sapiens,,,
GTP,6.77E-4,Homo sapiens,,,
ATP,4.67E-3,Homo sapiens,,,
ATP,4.67E-3,Homo sapiens,,,
ATP,4.67E-3,Homo sapiens,,,
GTP,6.77E-4,Homo sapiens,,,
ATP,4.67E-3,Mus musculus,,,
ATP,4.67E-3,Homo sapiens,,,
ATP,4.67E-3,Homo sapiens,,,
ATP,4.67E-3,Homo sapiens,,,
ATP,4.67E-3,Homo sapiens,,,
ATP,4.67E-3,Homo sapiens,,,
ATP,4.67E-3,Homo sapiens,,,
ATP,4.67E-3,Homo sapiens,,,
ATP,4.67E-3,Homo sapiens,,,
ATP,4.67E-3,Homo sapiens,,,
ATP,4.67E-3,Homo sapiens,,,
ATP,4.67E-3,Homo sapiens,,,
ATP,4.67E-3,Mus musculus,,,
ATP,4.67E-3,Homo sapiens,,,
ATP,4.67E-3,Homo sapiens,,,
ADP,5.69E-4,Mus musculus,,,
ATP,4.67E-3,Mus musculus,,,
3-phosphoglycerate,3.75E-4,Mus musculus,,,
ADP,5.69E-4,Homo sapiens,,,
ATP,4.67E-3,Mus musculus,,,
ATP,4.67E-3,Homo sapiens,,,
UMP,1.45E-5,Homo sapiens,,,
dCMP,3.71E-5,Homo sapiens,,,
CMP,1.18E-5,Homo sapiens,,,
ADP,5.69E-4,Homo sapiens,,,
ATP,4.67E-3,Homo sapiens,,,
ATP,4.67E-3,Homo sapiens,,,
ADP,5.69E-4,Homo sapiens,,,
ATP,4.67E-3,Homo sapiens,,,
AMP,4.23E-5,Homo sapiens,,,
dAMP,1.68E-5,Homo sapiens,,,
ADP,5.69E-4,Homo sapiens,,,
ATP,4.67E-3,Mus musculus,,,
dAMP,1.68E-5,Homo sapiens,,,
dTMP,1.18E-5,Homo sapiens,,,
ADP,5.69E-4,Homo sapiens,,,
ATP,4.67E-3,Homo sapiens,,,
GTP,6.77E-4,Homo sapiens,,,
GMP,1.81E-5,Mus musculus,,,
ATP,4.67E-3,Mus musculus,,,
dTMP,1.18E-5,Mus musculus,,,
dATP,9.74E-7,Homo sapiens,,,
ATP,4.67E-3,Homo sapiens,,,
GTP,6.77E-4,Homo sapiens,,,
AMP,4.23E-5,Homo sapiens,,,
ATP,4.67E-3,Homo sapiens,,,
ribose-5-phosphate,2.84E-5,Homo sapiens,,,
ATP,4.67E-3,Homo sapiens,,,
dATP,9.74E-7,Homo sapiens,,,
ATP,4.67E-3,Mus musculus,,,
NAD+,5.02E-4,Homo sapiens,,,
GTP,6.77E-4,Homo sapiens,,,
UDP-glucose,1.53E-3,Homo sapiens,,,
NAD+,5.02E-4,Homo sapiens,,,
ATP,4.67E-3,Homo sapiens,,,
ATP,4.67E-3,Homo sapiens,,,
UDP-N-acetyl-glucosamine,8.97E-3,Homo sapiens,,,
ATP,4.67E-3,Homo sapiens,,,
GTP,6.77E-4,Homo sapiens,,,
dATP,9.74E-7,Homo sapiens,,,
ATP,4.67E-3,Homo sapiens,,,
CTP,8.97E-4,Mus musculus,,,
GTP,6.77E-4,Homo sapiens,,,
UDP-N-acetyl-glucosamine,8.97E-3,Homo sapiens,,,
N-acetyl-glucosamine-1/6-phosphate,7.47E-6,Homo sapiens,,,
UTP,1.76E-3,Homo sapiens,,,
UDP-glucose,1.53E-3,Homo sapiens,,,
UTP,1.76E-3,Homo sapiens,,,
UDP-N-acetyl-glucosamine,8.97E-3,Homo sapiens,,,
serine,4.86E-3,Homo sapiens,,,
acetyl-CoA,2.88E-5,Homo sapiens,,,
malonyl-CoA,4.95E-6,Mus musculus,,,
acetyl-CoA,2.88E-5,Homo sapiens,,,
succinyl-CoA,6.80E-6,Homo sapiens,,,
AMP,4.23E-5,Homo sapiens,,,
dTMP,1.18E-5,Homo sapiens,,,
ADP,5.69E-4,Homo sapiens,,,
ATP,4.67E-3,Homo sapiens,,,
3-phospho-serine,4.40E-4,Homo sapiens,,,
"fructose-1,6-bisphosphate",1.52E-3,Mus musculus,,,
"2,3-bisphosphoglycerate",2.37E-4,Homo sapiens,,,
AMP,4.23E-5,Homo sapiens,,,
GMP,1.81E-5,Homo sapiens,,,
ADP,5.69E-4,Homo sapiens,,,
ATP,4.67E-3,Homo sapiens,,,
phosphoenolpyruvate,1.16E-5,Homo sapiens,,,
UDP,1.33E-4,Homo sapiens,,,
UTP,1.76E-3,Homo sapiens,,,
CTP,8.97E-4,Homo sapiens,,,
GTP,6.77E-4,Homo sapiens,,,
GDP,3.02E-5,Homo sapiens,,,
6-phospho-D-gluconate,1.65E-5,Homo sapiens,,,
"fructose-1,6-bisphosphate",1.52E-3,Homo sapiens,,,
3-phospho-serine,4.40E-4,Mus musculus,,,
dAMP,1.68E-5,Homo sapiens,,,
GMP,1.81E-5,Homo sapiens,,,
dTMP,1.18E-5,Homo sapiens,,,
IMP,1.23E-5,Homo sapiens,,,
UMP,1.45E-5,Homo sapiens,,,
dTMP,1.18E-5,Homo sapiens,,,
AMP,4.23E-5,Mus musculus,,,
inosine,1.33E-6,Homo sapiens,,,
dAMP,1.68E-5,Homo sapiens,,,
GMP,1.81E-5,Homo sapiens,,,
IMP,1.23E-5,Homo sapiens,,,
UMP,1.45E-5,Homo sapiens,,,
dCMP,3.71E-5,Homo sapiens,,,
CMP,1.18E-5,Homo sapiens,,,
"2,3-bisphosphoglycerate",2.37E-4,Homo sapiens,,,
glucose-6-phosphate,6.75E-4,Homo sapiens,,,
cyclic-AMP,1.30E-7,Mus musculus,,,
UDP-N-acetyl-glucosamine,8.97E-3,Homo sapiens,,,
cyclic-AMP,1.30E-7,Mus musculus,,,
UDP-N-acetyl-glucosamine,8.97E-3,Homo sapiens,,,
NAD+,5.02E-4,Homo sapiens,,,
NAD+,5.02E-4,Homo sapiens,,,
NADP+,2.84E-5,Homo sapiens,,,
S-adenosyl-L-homocysteine,5.71E-7,Mus musculus,,,
glutathione,3.09E-3,Homo sapiens,,,
glutathione disulfide,1.80E-5,Homo sapiens,,,
glutathione,3.09E-3,Homo sapiens,,,
glutathione disulfide,1.80E-5,Homo sapiens,,,
N-Acetyl-L-alanine,1.03E-5,Homo sapiens,,,
N-acetyl-glutamine,6.24E-6,Homo sapiens,,,
N-Acetyl-L-aspartic acid,2.90E-3,Mus musculus,,,
glutamine,1.72E-2,Homo sapiens,,,
asparagine,2.15E-4,Homo sapiens,,,
arginine,2.55E-4,Homo sapiens,,,
dCMP,3.71E-5,Homo sapiens,,,
GTP,6.77E-4,Mus musculus,,,
AMP,4.23E-5,Homo sapiens,,,
fructose-6-phosphate,9.69E-5,Homo sapiens,,,
ADP,5.69E-4,Homo sapiens,,,
ATP,4.67E-3,Homo sapiens,,,
UTP,1.76E-3,Homo sapiens,,,
CTP,8.97E-4,Homo sapiens,,,
GTP,6.77E-4,Homo sapiens,,,
UTP,1.76E-3,Homo sapiens,,,
ATP,4.67E-3,Homo sapiens,,,
ADP,5.69E-4,Mus musculus,,,
ATP,4.67E-3,Mus musculus,,,
GTP,6.77E-4,Homo sapiens,,,
GDP,3.02E-5,Homo sapiens,,,
GDP,3.02E-5,Homo sapiens,,,
"1,3-bisphosphoglycerate",2.24E-6,Homo sapiens,,,
ATP,4.67E-3,Homo sapiens,,,
UDP-glucose,1.53E-3,Homo sapiens,,,
NADH,7.50E-5,Homo sapiens,,,
ATP,4.67E-3,Homo sapiens,,,
ATP,4.67E-3,Homo sapiens,,,
ATP,4.67E-3,Homo sapiens,,,
ATP,4.67E-3,Homo sapiens,,,
ATP,4.67E-3,Homo sapiens,,,
ATP,4.67E-3,Mus musculus,,,
AMP,4.23E-5,Mus musculus,,,
ADP,5.69E-4,Mus musculus,,,
ATP,4.67E-3,Mus musculus,,,
ATP,4.67E-3,Homo sapiens,,,
UTP,1.76E-3,Homo sapiens,,,
ATP,4.67E-3,Homo sapiens,,,
ATP,4.67E-3,Mus musculus,,,
ATP,4.67E-3,Homo sapiens,,,
UTP,1.76E-3,Homo sapiens,,,
ATP,4.67E-3,Homo sapiens,,,
ATP,4.67E-3,Homo sapiens,,,
ATP,4.67E-3,Homo sapiens,,,
ATP,4.67E-3,Homo sapiens,,,
GTP,6.77E-4,Homo sapiens,,,
GTP,6.77E-4,Mus musculus,,,
glutamate,6.38E-2,Mus musculus,,,
histidine,4.10E-4,Mus musculus,,,
phosphoenolpyruvate,1.16E-5,Homo sapiens,,,
oxaloacetate,2.01E-6,Homo sapiens,,,
GTP,6.77E-4,Homo sapiens,,,
GDP,3.02E-5,Homo sapiens,,,
ATP,4.67E-3,Homo sapiens,,,
malonyl-CoA,4.95E-6,Homo sapiens,,,
"fructose-1,6-bisphosphate",1.52E-3,Homo sapiens,,,
phosphoenolpyruvate,1.16E-5,Homo sapiens,,,
2-phosphoglycerate,9.49E-6,Homo sapiens,,,
cysteine,8.40E-5,Homo sapiens,,,
serine,4.86E-3,Homo sapiens,,,
serine,4.86E-3,Mus musculus,,,
threonine,6.69E-3,Homo sapiens,,,
fumarate,4.85E-4,Homo sapiens,,,
arginine,2.55E-4,Homo sapiens,,,
cysteine,8.40E-5,Homo sapiens,,,
glutathione,3.09E-3,Mus musculus,,,
glutathione,3.09E-3,Homo sapiens,,,
ATP,4.67E-3,Homo sapiens,,,
GTP,6.77E-4,Mus musculus,,,
serine,4.86E-3,Mus musculus,,,
glyceraldehyde-3-phosphate,1.41E-4,Homo sapiens,,,
dihydroxyacetonephosphate,1.63E-3,Homo sapiens,,,
ribose-5-phosphate,2.84E-5,Homo sapiens,,,
glucose-6-phosphate,6.75E-4,Mus musculus,,,
fructose-6-phosphate,9.69E-5,Mus musculus,,,
phenylpyruvate,1.77E-3,Mus musculus,,,
glutathione,3.09E-3,Homo sapiens,,,
glutathione,3.09E-3,Homo sapiens,,,
3-phosphoglycerate,3.75E-4,Homo sapiens,,,
"1,3-bisphosphoglycerate",2.24E-6,Homo sapiens,,,
"2,3-bisphosphoglycerate",2.37E-4,Homo sapiens,,,
NAD+,5.02E-4,Homo sapiens,,,
glucose-6-phosphate,6.75E-4,Homo sapiens,,,
ATP,4.67E-3,Homo sapiens,,,
tyrosine,9.38E-4,Homo sapiens,,,
ATP,4.67E-3,Homo sapiens,,,
methionine,6.39E-4,Homo sapiens,,,
ATP,4.67E-3,Homo sapiens,,,
aspartate,1.49E-2,Homo sapiens,,,
alanine,6.98E-3,Homo sapiens,,,
proline,1.23E-3,Homo sapiens,,,
ATP,4.67E-3,Homo sapiens,,,
cysteine,8.40E-5,Homo sapiens,,,
ATP,4.67E-3,Homo sapiens,,,
arginine,2.55E-4,Homo sapiens,,,
ATP,4.67E-3,Homo sapiens,,,
tryptophan,1.80E-4,Homo sapiens,,,
ATP,4.67E-3,Homo sapiens,,,
phenylalanine,8.40E-4,Homo sapiens,,,
ATP,4.67E-3,Homo sapiens,,,
isoleucine,1.76E-3,Homo sapiens,,,
leucine,1.76E-3,Homo sapiens,,,
ATP,4.67E-3,Homo sapiens,,,
coenzyme-A,4.04E-3,Homo sapiens,,,
ATP,4.67E-3,Mus musculus,,,
coenzyme-A,4.04E-3,Mus musculus,,,
ATP,4.67E-3,Mus musculus,,,
lysine,5.06E-4,Mus musculus,,,
histidine,4.10E-4,Mus musculus,,,
ATP,4.67E-3,Homo sapiens,,,
glutamate,6.38E-2,Homo sapiens,,,
ATP,4.67E-3,Mus musculus,,,
cysteine,8.40E-5,Mus musculus,,,
glutamate,6.38E-2,Mus musculus,,,
ATP,4.67E-3,Homo sapiens,,,
glycine,3.71E-3,Homo sapiens,,,
ATP,4.67E-3,Homo sapiens,,,
cysteine,8.40E-5,Homo sapiens,,,
CTP,8.97E-4,Homo sapiens,,,
ATP,4.67E-3,Homo sapiens,,,
ATP,4.67E-3,Homo sapiens,,,
ATP,4.67E-3,Homo sapiens,,,
ATP,4.67E-3,Homo sapiens,,,
glutamine,1.72E-2,Homo sapiens,,,
UTP,1.76E-3,Homo sapiens,,,
ATP,4.67E-3,Homo sapiens,,,
IMP,1.23E-5,Mus musculus,,,
aspartate,1.49E-2,Mus musculus,,,
GTP,6.77E-4,Mus musculus,,,
ATP,4.67E-3,Mus musculus,,,
aspartate,1.49E-2,Mus musculus,,,
ATP,4.67E-3,Homo sapiens,,,
glutamine,1.72E-2,Homo sapiens,,,
ATP,4.67E-3,Mus musculus,,,
glutamine,1.72E-2,Mus musculus,,,
ATP,4.67E-3,Mus musculus,,,
aspartate,1.49E-2,Mus musculus,,,
glutamine,1.72E-2,Mus musculus,,,
ATP,4.67E-3,Homo sapiens,,,
pyruvate,5.88E-3,Homo sapiens,,,
ATP,4.67E-3,Homo sapiens,,,
acetyl-CoA,2.88E-5,Homo sapiens,,,
ATP,4.67E-3,Homo sapiens,,,
ATP,4.67E-3,Homo sapiens,,,
ATP,4.67E-3,Mus musculus,,,
ATP,4.67E-3,Homo sapiens,,,
GTP,6.77E-4,Homo sapiens,,,
NAD+,2.44E-3,Saccharomyces cerevisiae,,,
NADH,1.07E-4,Saccharomyces cerevisiae,,,
NADPH,2.21E-4,Saccharomyces cerevisiae,,,
NAD+,2.44E-3,Saccharomyces cerevisiae,,,
NADPH,2.21E-4,Saccharomyces cerevisiae,,,
NADPH,2.21E-4,Saccharomyces cerevisiae,,,
NADH,1.07E-4,Saccharomyces cerevisiae,,,
NADP+,1.83E-4,Saccharomyces cerevisiae,,,
NADPH,2.21E-4,Saccharomyces cerevisiae,,,
NADH,1.07E-4,Saccharomyces cerevisiae,,,
NADPH,2.21E-4,Saccharomyces cerevisiae,,,
serine,3.87E-3,Saccharomyces cerevisiae,,,
NADP+,1.83E-4,Saccharomyces cerevisiae,,,
NADH,1.07E-4,Saccharomyces cerevisiae,,,
NAD+,2.44E-3,Saccharomyces cerevisiae,,,
NADH,1.07E-4,Saccharomyces cerevisiae,,,
NADPH,2.21E-4,Saccharomyces cerevisiae,,,
NAD+,2.44E-3,Saccharomyces cerevisiae,,,
NADH,1.07E-4,Saccharomyces cerevisiae,,,
oxaloacetate,5.01E-7,Saccharomyces cerevisiae,,,
malate,9.25E-4,Saccharomyces cerevisiae,,,
NAD+,2.44E-3,Saccharomyces cerevisiae,,,
malate,9.25E-4,Saccharomyces cerevisiae,,,
NAD+,2.44E-3,Saccharomyces cerevisiae,,,
NADH,1.07E-4,Saccharomyces cerevisiae,,,
isocitrate,5.79E-6,Saccharomyces cerevisiae,,,
a-ketoglutarate,8.48E-4,Saccharomyces cerevisiae,,,
isocitrate,5.79E-6,Saccharomyces cerevisiae,,,
NADP+,1.83E-4,Saccharomyces cerevisiae,,,
NADPH,2.21E-4,Saccharomyces cerevisiae,,,
6-phospho-D-gluconate,2.43E-4,Saccharomyces cerevisiae,,,
NADP+,1.83E-4,Saccharomyces cerevisiae,,,
NADP+,1.83E-4,Saccharomyces cerevisiae,,,
NADPH,2.21E-4,Saccharomyces cerevisiae,,,
NADH,1.07E-4,Saccharomyces cerevisiae,,,
NADP+,1.83E-4,Saccharomyces cerevisiae,,,
NADPH,2.21E-4,Saccharomyces cerevisiae,,,
NAD+,2.44E-3,Saccharomyces cerevisiae,,,
NADH,1.07E-4,Saccharomyces cerevisiae,,,
NADPH,2.21E-4,Saccharomyces cerevisiae,,,
NADH,1.07E-4,Saccharomyces cerevisiae,,,
sn-glycerol 3-phosphate,2.81E-4,Saccharomyces cerevisiae,,,
dihydroxyacetonephosphate,8.23E-4,Saccharomyces cerevisiae,,,
NAD+,2.44E-3,Saccharomyces cerevisiae,,,
NADH,1.07E-4,Saccharomyces cerevisiae,,,
NAD+,2.44E-3,Saccharomyces cerevisiae,,,
NADH,1.07E-4,Saccharomyces cerevisiae,,,
pyruvate,9.40E-3,Saccharomyces cerevisiae,,,
glutathione,4.30E-3,Saccharomyces cerevisiae,,,
NADPH,2.21E-4,Saccharomyces cerevisiae,,,
NADP+,1.83E-4,Saccharomyces cerevisiae,,,
NADPH,2.21E-4,Saccharomyces cerevisiae,,,
glyceraldehyde-3-phosphate,1.18E-4,Saccharomyces cerevisiae,,,
NAD+,2.44E-3,Saccharomyces cerevisiae,,,
NAD+,2.44E-3,Saccharomyces cerevisiae,,,
NAD+,2.44E-3,Saccharomyces cerevisiae,,,
NAD+,2.44E-3,Saccharomyces cerevisiae,,,
NADPH,2.21E-4,Saccharomyces cerevisiae,,,
NADP+,1.83E-4,Saccharomyces cerevisiae,,,
NAD+,2.44E-3,Saccharomyces cerevisiae,,,
NADP+,1.83E-4,Saccharomyces cerevisiae,,,
pyruvate,9.40E-3,Saccharomyces cerevisiae,,,
a-ketoglutarate,8.48E-4,Saccharomyces cerevisiae,,,
NAD+,2.44E-3,Saccharomyces cerevisiae,,,
NADH,1.07E-4,Saccharomyces cerevisiae,,,
glutamine,3.55E-2,Saccharomyces cerevisiae,,,
a-ketoglutarate,8.48E-4,Saccharomyces cerevisiae,,,
a-ketoglutarate,8.48E-4,Saccharomyces cerevisiae,,,
glutamate,3.91E-2,Saccharomyces cerevisiae,,,
NADP+,1.83E-4,Saccharomyces cerevisiae,,,
NADPH,2.21E-4,Saccharomyces cerevisiae,,,
NAD+,2.44E-3,Saccharomyces cerevisiae,,,
NADP+,1.83E-4,Saccharomyces cerevisiae,,,
NAD+,2.44E-3,Saccharomyces cerevisiae,,,
NADH,1.07E-4,Saccharomyces cerevisiae,,,
NADPH,2.21E-4,Saccharomyces cerevisiae,,,
NADPH,2.21E-4,Saccharomyces cerevisiae,,,
NADP+,1.83E-4,Saccharomyces cerevisiae,,,
NAD+,2.44E-3,Saccharomyces cerevisiae,,,
NADH,1.07E-4,Saccharomyces cerevisiae,,,
pyruvate,9.40E-3,Saccharomyces cerevisiae,,,
a-ketoglutarate,8.48E-4,Saccharomyces cerevisiae,,,
lysine,5.16E-3,Saccharomyces cerevisiae,,,
NADH,1.07E-4,Saccharomyces cerevisiae,,,
NADPH,2.21E-4,Saccharomyces cerevisiae,,,
NADH,1.07E-4,Saccharomyces cerevisiae,,,
NADPH,2.21E-4,Saccharomyces cerevisiae,,,
NADH,1.07E-4,Saccharomyces cerevisiae,,,
FAD,3.53E-5,Saccharomyces cerevisiae,,,
NADPH,2.21E-4,Saccharomyces cerevisiae,,,
NAD+,2.44E-3,Saccharomyces cerevisiae,,,
glutathione disulfide,9.73E-5,Saccharomyces cerevisiae,,,
NADPH,2.21E-4,Saccharomyces cerevisiae,,,
serine,3.87E-3,Saccharomyces cerevisiae,,,
ornithine,4.49E-3,Saccharomyces cerevisiae,,,
xylulose-5-phosphate,2.46E-4,Saccharomyces cerevisiae,,,
ribose-5-phosphate,1.52E-4,Saccharomyces cerevisiae,,,
fructose-6-phosphate,2.37E-3,Saccharomyces cerevisiae,,,
sedoheptulose-7-phosphate,3.61E-4,Saccharomyces cerevisiae,,,
fructose-6-phosphate,2.37E-3,Saccharomyces cerevisiae,,,
erythrose-4-phosphate,1.46E-5,Saccharomyces cerevisiae,,,
pyruvate,9.40E-3,Saccharomyces cerevisiae,,,
sn-glycerol 3-phosphate,2.81E-4,Saccharomyces cerevisiae,,,
acetyl-CoA,4.36E-5,Saccharomyces cerevisiae,,,
acetyl-CoA,4.36E-5,Saccharomyces cerevisiae,,,
ornithine,4.49E-3,Saccharomyces cerevisiae,,,
glutamate,3.91E-2,Saccharomyces cerevisiae,,,
N-acetyl-ornithine,2.29E-4,Saccharomyces cerevisiae,,,
acetyl-CoA,4.36E-5,Saccharomyces cerevisiae,,,
dihydroxyacetonephosphate,8.23E-4,Saccharomyces cerevisiae,,,
acetyl-CoA,4.36E-5,Saccharomyces cerevisiae,,,
acetyl-CoA,4.36E-5,Saccharomyces cerevisiae,,,
acetyl-CoA,4.36E-5,Saccharomyces cerevisiae,,,
NADPH,2.21E-4,Saccharomyces cerevisiae,,,
glutathione,4.30E-3,Saccharomyces cerevisiae,,,
oxaloacetate,5.01E-7,Saccharomyces cerevisiae,,,
acetyl-CoA,4.36E-5,Saccharomyces cerevisiae,,,
acetyl-CoA,4.36E-5,Saccharomyces cerevisiae,,,
pyruvate,9.40E-3,Saccharomyces cerevisiae,,,
acetyl-CoA,4.36E-5,Saccharomyces cerevisiae,,,
a-ketoglutarate,8.48E-4,Saccharomyces cerevisiae,,,
acetyl-CoA,4.36E-5,Saccharomyces cerevisiae,,,
acetyl-CoA,4.36E-5,Saccharomyces cerevisiae,,,
UDP-glucose,2.68E-4,Saccharomyces cerevisiae,,,
UDP-glucose,2.68E-4,Saccharomyces cerevisiae,,,
glucose-6-phosphate,5.31E-3,Saccharomyces cerevisiae,,,
UDP-N-acetyl-glucosamine,1.02E-3,Saccharomyces cerevisiae,,,
UDP-glucose,2.68E-4,Saccharomyces cerevisiae,,,
PRPP,4.70E-5,Saccharomyces cerevisiae,,,
PRPP,4.70E-5,Saccharomyces cerevisiae,,,
PRPP,4.70E-5,Saccharomyces cerevisiae,,,
PRPP,4.70E-5,Saccharomyces cerevisiae,,,
PRPP,4.70E-5,Saccharomyces cerevisiae,,,
NADH,1.07E-4,Saccharomyces cerevisiae,,,
NADPH,2.21E-4,Saccharomyces cerevisiae,,,
NAD+,2.44E-3,Saccharomyces cerevisiae,,,
phosphoenolpyruvate,2.91E-5,Saccharomyces cerevisiae,,,
erythrose-4-phosphate,1.46E-5,Saccharomyces cerevisiae,,,
ATP,1.93E-3,Saccharomyces cerevisiae,,,
methionine,1.91E-4,Saccharomyces cerevisiae,,,
glutamine,3.55E-2,Saccharomyces cerevisiae,,,
fructose-6-phosphate,2.37E-3,Saccharomyces cerevisiae,,,
pyruvate,9.40E-3,Saccharomyces cerevisiae,,,
alanine,2.23E-2,Saccharomyces cerevisiae,,,
a-ketoglutarate,8.48E-4,Saccharomyces cerevisiae,,,
glutamate,3.91E-2,Saccharomyces cerevisiae,,,
a-ketoglutarate,8.48E-4,Saccharomyces cerevisiae,,,
glutamate,3.91E-2,Saccharomyces cerevisiae,,,
phenylalanine,2.73E-4,Saccharomyces cerevisiae,,,
tyrosine,2.48E-4,Saccharomyces cerevisiae,,,
alanine,2.23E-2,Saccharomyces cerevisiae,,,
ATP,1.93E-3,Saccharomyces cerevisiae,,,
ATP,1.93E-3,Saccharomyces cerevisiae,,,
ATP,1.93E-3,Saccharomyces cerevisiae,,,
gluconate,9.51E-5,Saccharomyces cerevisiae,,,
ATP,1.93E-3,Saccharomyces cerevisiae,,,
ADP,4.88E-4,Saccharomyces cerevisiae,,,
ATP,1.93E-3,Saccharomyces cerevisiae,,,
xylulose-5-phosphate,2.46E-4,Saccharomyces cerevisiae,,,
ATP,1.93E-3,Saccharomyces cerevisiae,,,
inosine,6.12E-6,Saccharomyces cerevisiae,,,
ATP,1.93E-3,Saccharomyces cerevisiae,,,
ATP,1.93E-3,Saccharomyces cerevisiae,,,
NAD+,2.44E-3,Saccharomyces cerevisiae,,,
NADH,1.07E-4,Saccharomyces cerevisiae,,,
ATP,1.93E-3,Saccharomyces cerevisiae,,,
ATP,1.93E-3,Saccharomyces cerevisiae,,,
ATP,1.93E-3,Saccharomyces cerevisiae,,,
ATP,1.93E-3,Saccharomyces cerevisiae,,,
ATP,1.93E-3,Saccharomyces cerevisiae,,,
ADP,4.88E-4,Saccharomyces cerevisiae,,,
phosphoenolpyruvate,2.91E-5,Saccharomyces cerevisiae,,,
ATP,1.93E-3,Saccharomyces cerevisiae,,,
ATP,1.93E-3,Saccharomyces cerevisiae,,,
ATP,1.93E-3,Saccharomyces cerevisiae,,,
ATP,1.93E-3,Saccharomyces cerevisiae,,,
NAD+,2.44E-3,Saccharomyces cerevisiae,,,
NADH,1.07E-4,Saccharomyces cerevisiae,,,
CTP,2.49E-4,Saccharomyces cerevisiae,,,
ATP,1.93E-3,Saccharomyces cerevisiae,,,
ATP,1.93E-3,Saccharomyces cerevisiae,,,
UTP,4.94E-4,Saccharomyces cerevisiae,,,
GTP,2.47E-4,Saccharomyces cerevisiae,,,
ATP,1.93E-3,Saccharomyces cerevisiae,,,
ATP,1.93E-3,Saccharomyces cerevisiae,,,
ADP,4.88E-4,Saccharomyces cerevisiae,,,
ATP,1.93E-3,Saccharomyces cerevisiae,,,
3-phosphoglycerate,5.78E-4,Saccharomyces cerevisiae,,,
ATP,1.93E-3,Saccharomyces cerevisiae,,,
aspartate,6.29E-3,Saccharomyces cerevisiae,,,
ATP,1.93E-3,Saccharomyces cerevisiae,,,
ADP,4.88E-4,Saccharomyces cerevisiae,,,
ATP,1.93E-3,Saccharomyces cerevisiae,,,
UMP,1.45E-5,Saccharomyces cerevisiae,,,
CMP,5.18E-6,Saccharomyces cerevisiae,,,
UDP,3.68E-5,Saccharomyces cerevisiae,,,
GMP,1.02E-5,Saccharomyces cerevisiae,,,
ATP,1.93E-3,Saccharomyces cerevisiae,,,
GDP,4.21E-5,Saccharomyces cerevisiae,,,
ATP,1.93E-3,Saccharomyces cerevisiae,,,
NAD+,2.44E-3,Saccharomyces cerevisiae,,,
UDP-glucose,2.68E-4,Saccharomyces cerevisiae,,,
CTP,2.49E-4,Saccharomyces cerevisiae,,,
ATP,1.93E-3,Saccharomyces cerevisiae,,,
NAD+,2.44E-3,Saccharomyces cerevisiae,,,
ATP,1.93E-3,Saccharomyces cerevisiae,,,
CTP,2.49E-4,Saccharomyces cerevisiae,,,
GTP,2.47E-4,Saccharomyces cerevisiae,,,
UDP-N-acetyl-glucosamine,1.02E-3,Saccharomyces cerevisiae,,,
N-acetyl-glucosamine-1/6-phosphate,1.50E-4,Saccharomyces cerevisiae,,,
UDP-glucose,2.68E-4,Saccharomyces cerevisiae,,,
CTP,2.49E-4,Saccharomyces cerevisiae,,,
ADP,4.88E-4,Saccharomyces cerevisiae,,,
ATP,1.93E-3,Saccharomyces cerevisiae,,,
GDP,4.21E-5,Saccharomyces cerevisiae,,,
dATP,9.78E-6,Saccharomyces cerevisiae,,,
dCTP,4.46E-6,Saccharomyces cerevisiae,,,
UDP-glucose,2.68E-4,Saccharomyces cerevisiae,,,
CMP,5.18E-6,Saccharomyces cerevisiae,,,
UDP-N-acetyl-glucosamine,1.02E-3,Saccharomyces cerevisiae,,,
sn-glycerol 3-phosphate,2.81E-4,Saccharomyces cerevisiae,,,
glutathione,4.30E-3,Saccharomyces cerevisiae,,,
acetyl-CoA,4.36E-5,Saccharomyces cerevisiae,,,
"fructose-1,6-bisphosphate",4.00E-3,Saccharomyces cerevisiae,,,
"2,3-bisphosphoglycerate",3.61E-5,Saccharomyces cerevisiae,,,
sn-glycerol 3-phosphate,2.81E-4,Saccharomyces cerevisiae,,,
UMP,1.45E-5,Saccharomyces cerevisiae,,,
CMP,5.18E-6,Saccharomyces cerevisiae,,,
trehalose,8.40E-3,Saccharomyces cerevisiae,,,
NAD+,2.44E-3,Saccharomyces cerevisiae,,,
ATP,1.93E-3,Saccharomyces cerevisiae,,,
asparagine,5.69E-3,Saccharomyces cerevisiae,,,
arginine,2.18E-2,Saccharomyces cerevisiae,,,
dATP,9.78E-6,Saccharomyces cerevisiae,,,
ATP,1.93E-3,Saccharomyces cerevisiae,,,
UTP,4.94E-4,Saccharomyces cerevisiae,,,
dCTP,4.46E-6,Saccharomyces cerevisiae,,,
CTP,2.49E-4,Saccharomyces cerevisiae,,,
GTP,2.47E-4,Saccharomyces cerevisiae,,,
NAD+,2.44E-3,Saccharomyces cerevisiae,,,
NADH,1.07E-4,Saccharomyces cerevisiae,,,
GDP,4.21E-5,Saccharomyces cerevisiae,,,
ATP,1.93E-3,Saccharomyces cerevisiae,,,
ATP,1.93E-3,Saccharomyces cerevisiae,,,
ATP,1.93E-3,Saccharomyces cerevisiae,,,
ATP,1.93E-3,Saccharomyces cerevisiae,,,
ATP,1.93E-3,Saccharomyces cerevisiae,,,
glutathione,4.30E-3,Saccharomyces cerevisiae,,,
ATP,1.93E-3,Saccharomyces cerevisiae,,,
ATP,1.93E-3,Saccharomyces cerevisiae,,,
dATP,9.78E-6,Saccharomyces cerevisiae,,,
ATP,1.93E-3,Saccharomyces cerevisiae,,,
ATP,1.93E-3,Saccharomyces cerevisiae,,,
ATP,1.93E-3,Saccharomyces cerevisiae,,,
ATP,1.93E-3,Saccharomyces cerevisiae,,,
pyruvate,9.40E-3,Saccharomyces cerevisiae,,,
ATP,1.93E-3,Saccharomyces cerevisiae,,,
pyruvate,9.40E-3,Saccharomyces cerevisiae,,,
ADP,4.88E-4,Saccharomyces cerevisiae,,,
ATP,1.93E-3,Saccharomyces cerevisiae,,,
phosphoenolpyruvate,2.91E-5,Saccharomyces cerevisiae,,,
oxaloacetate,5.01E-7,Saccharomyces cerevisiae,,,
"fructose-1,6-bisphosphate",4.00E-3,Saccharomyces cerevisiae,,,
threonine,6.69E-3,Saccharomyces cerevisiae,,,
2-phosphoglycerate,2.38E-5,Saccharomyces cerevisiae,,,
glyceraldehyde-3-phosphate,1.18E-4,Saccharomyces cerevisiae,,,
serine,3.87E-3,Saccharomyces cerevisiae,,,
serine,3.87E-3,Saccharomyces cerevisiae,,,
dihydroxyacetonephosphate,8.23E-4,Saccharomyces cerevisiae,,,
AMP,8.12E-5,Saccharomyces cerevisiae,,,
fumarate,1.24E-4,Saccharomyces cerevisiae,,,
glutathione,4.30E-3,Saccharomyces cerevisiae,,,
ATP,1.93E-3,Saccharomyces cerevisiae,,,
ribulose-5-phosphate,1.22E-4,Saccharomyces cerevisiae,,,
glyceraldehyde-3-phosphate,1.18E-4,Saccharomyces cerevisiae,,,
dihydroxyacetonephosphate,8.23E-4,Saccharomyces cerevisiae,,,
ribose-5-phosphate,1.52E-4,Saccharomyces cerevisiae,,,
glucose-6-phosphate,5.31E-3,Saccharomyces cerevisiae,,,
fructose-6-phosphate,2.37E-3,Saccharomyces cerevisiae,,,
3-phosphoglycerate,5.78E-4,Saccharomyces cerevisiae,,,
glucose-6-phosphate,5.31E-3,Saccharomyces cerevisiae,,,
ATP,1.93E-3,Saccharomyces cerevisiae,,,
tyrosine,2.48E-4,Saccharomyces cerevisiae,,,
coenzyme-A,4.90E-3,Saccharomyces cerevisiae,,,
methionine,1.91E-4,Saccharomyces cerevisiae,,,
ATP,1.93E-3,Saccharomyces cerevisiae,,,
serine,3.87E-3,Saccharomyces cerevisiae,,,
ATP,1.93E-3,Saccharomyces cerevisiae,,,
aspartate,6.29E-3,Saccharomyces cerevisiae,,,
ATP,1.93E-3,Saccharomyces cerevisiae,,,
proline,1.36E-3,Saccharomyces cerevisiae,,,
ATP,1.93E-3,Saccharomyces cerevisiae,,,
glutamine,3.55E-2,Saccharomyces cerevisiae,,,
arginine,2.18E-2,Saccharomyces cerevisiae,,,
dATP,9.78E-6,Saccharomyces cerevisiae,,,
ATP,1.93E-3,Saccharomyces cerevisiae,,,
phenylalanine,2.73E-4,Saccharomyces cerevisiae,,,
tyrosine,2.48E-4,Saccharomyces cerevisiae,,,
ATP,1.93E-3,Saccharomyces cerevisiae,,,
ATP,1.93E-3,Saccharomyces cerevisiae,,,
isoleucine,3.53E-4,Saccharomyces cerevisiae,,,
leucine,3.53E-4,Saccharomyces cerevisiae,,,
ATP,1.93E-3,Saccharomyces cerevisiae,,,
alanine,2.23E-2,Saccharomyces cerevisiae,,,
ATP,1.93E-3,Saccharomyces cerevisiae,,,
coenzyme-A,4.90E-3,Saccharomyces cerevisiae,,,
acetyl-CoA,4.36E-5,Saccharomyces cerevisiae,,,
ATP,1.93E-3,Saccharomyces cerevisiae,,,
coenzyme-A,4.90E-3,Saccharomyces cerevisiae,,,
ATP,1.93E-3,Saccharomyces cerevisiae,,,
glutamate,3.91E-2,Saccharomyces cerevisiae,,,
ATP,1.93E-3,Saccharomyces cerevisiae,,,
ATP,1.93E-3,Saccharomyces cerevisiae,,,
UTP,4.94E-4,Saccharomyces cerevisiae,,,
ATP,1.93E-3,Saccharomyces cerevisiae,,,
PRPP,4.70E-5,Saccharomyces cerevisiae,,,
IMP,3.80E-5,Saccharomyces cerevisiae,,,
aspartate,6.29E-3,Saccharomyces cerevisiae,,,
GTP,2.47E-4,Saccharomyces cerevisiae,,,
ATP,1.93E-3,Saccharomyces cerevisiae,,,
glutamine,3.55E-2,Saccharomyces cerevisiae,,,
glutamine,3.55E-2,Saccharomyces cerevisiae,,,
ATP,1.93E-3,Saccharomyces cerevisiae,,,
pyruvate,9.40E-3,Saccharomyces cerevisiae,,,
NADPH,1.21E-4,Escherichia coli,,,
NAD+,2.55E-3,Escherichia coli,,,
NADH,8.36E-5,Escherichia coli,,,
fructose-6-phosphate,2.52E-3,Escherichia coli,,,
NAD+,2.55E-3,Escherichia coli,,,
NADP+,2.08E-6,Escherichia coli,,,
NADPH,1.21E-4,Escherichia coli,,,
NAD+,2.55E-3,Escherichia coli,,,
NADPH,1.21E-4,Escherichia coli,,,
IMP,2.72E-4,Escherichia coli,,,
NAD+,2.55E-3,Escherichia coli,,,
UDP-glucose,2.50E-3,Escherichia coli,,,
NAD+,2.55E-3,Escherichia coli,,,
NAD+,2.55E-3,Escherichia coli,,,
NAD+,2.55E-3,Escherichia coli,,,
shikimate,1.41E-5,Escherichia coli,,,
NADP+,2.08E-6,Escherichia coli,,,
NADPH,1.21E-4,Escherichia coli,,,
NADH,8.36E-5,Escherichia coli,,,
NADPH,1.21E-4,Escherichia coli,,,
serine,1.13E-3,Escherichia coli,,,
NADP+,2.08E-6,Escherichia coli,,,
NAD+,2.55E-3,Escherichia coli,,,
shikimate,1.41E-5,Escherichia coli,,,
NADP+,2.08E-6,Escherichia coli,,,
NADP+,2.08E-6,Escherichia coli,,,
NADPH,1.21E-4,Escherichia coli,,,
NAD+,2.55E-3,Escherichia coli,,,
UDP-glucuronate,5.66E-4,Escherichia coli,,,
NAD+,2.55E-3,Escherichia coli,,,
acetoacetyl-CoA,2.18E-5,Escherichia coli,,,
NAD+,2.55E-3,Escherichia coli,,,
NAD+,2.55E-3,Escherichia coli,,,
NADH,8.36E-5,Escherichia coli,,,
oxaloacetate,4.87E-7,Escherichia coli,,,
malate,1.68E-3,Escherichia coli,,,
NAD+,2.55E-3,Escherichia coli,,,
NADH,8.36E-5,Escherichia coli,,,
oxaloacetate,4.87E-7,Escherichia coli,,,
malate,1.68E-3,Escherichia coli,,,
malate,1.68E-3,Escherichia coli,,,
NADP+,2.08E-6,Escherichia coli,,,
NAD+,2.55E-3,Escherichia coli,,,
NADP+,2.08E-6,Escherichia coli,,,
isocitrate,3.67E-5,Escherichia coli,,,
NADP+,2.08E-6,Escherichia coli,,,
6-phospho-D-gluconate,3.77E-3,Escherichia coli,,,
NADP+,2.08E-6,Escherichia coli,,,
NAD+,2.55E-3,Escherichia coli,,,
glucose-6-phosphate,7.88E-3,Escherichia coli,,,
NADP+,2.08E-6,Escherichia coli,,,
NADP+,2.08E-6,Escherichia coli,,,
NAD+,2.55E-3,Escherichia coli,,,
NADH,8.36E-5,Escherichia coli,,,
NADPH,1.21E-4,Escherichia coli,,,
NAD+,2.55E-3,Escherichia coli,,,
NADH,8.36E-5,Escherichia coli,,,
glycerate,1.41E-3,Escherichia coli,,,
NAD+,2.55E-3,Escherichia coli,,,
NAD+,2.55E-3,Escherichia coli,,,
NADH,8.36E-5,Escherichia coli,,,
pyruvate,3.66E-3,Escherichia coli,,,
NADPH,1.21E-4,Escherichia coli,,,
sn-glycerol 3-phosphate,4.90E-5,Escherichia coli,,,
NADPH,1.21E-4,Escherichia coli,,,
dihydroxyacetonephosphate,3.06E-3,Escherichia coli,,,
NAD+,2.55E-3,Escherichia coli,,,
3-phosphoglycerate,1.54E-3,Escherichia coli,,,
a-ketoglutarate,4.43E-4,Escherichia coli,,,
NADH,8.36E-5,Escherichia coli,,,
NADPH,1.21E-4,Escherichia coli,,,
sn-glycerol 3-phosphate,4.90E-5,Escherichia coli,,,
a-ketoglutarate,4.43E-4,Escherichia coli,,,
NADH,8.36E-5,Escherichia coli,,,
NADPH,1.21E-4,Escherichia coli,,,
NADH,8.36E-5,Escherichia coli,,,
lysine,4.05E-4,Escherichia coli,,,
FAD,1.73E-4,Escherichia coli,,,
NADPH,1.21E-4,Escherichia coli,,,
riboflavin,1.90E-5,Escherichia coli,,,
NADH,8.36E-5,Escherichia coli,,,
FAD,1.73E-4,Escherichia coli,,,
flavin mononucleotide,5.37E-5,Escherichia coli,,,
NADPH,1.21E-4,Escherichia coli,,,
NADP+,2.08E-6,Escherichia coli,,,
NADH,8.36E-5,Escherichia coli,,,
NADPH,1.21E-4,Escherichia coli,,,
ATP,9.63E-3,Escherichia coli,,,
dTTP,4.62E-3,Escherichia coli,,,
UDP,1.79E-3,Escherichia coli,,,
NADPH,1.21E-4,Escherichia coli,,,
NAD+,2.55E-3,Escherichia coli,,,
NADH,8.36E-5,Escherichia coli,,,
coenzyme-A,1.37E-3,Escherichia coli,,,
acetyl-CoA,6.06E-4,Escherichia coli,,,
NADP+,2.08E-6,Escherichia coli,,,
glyceraldehyde-3-phosphate,2.71E-4,Escherichia coli,,,
NAD+,2.55E-3,Escherichia coli,,,
NAD+,2.55E-3,Escherichia coli,,,
NADP+,2.08E-6,Escherichia coli,,,
NADPH,1.21E-4,Escherichia coli,,,
NAD+,2.55E-3,Escherichia coli,,,
NADP+,2.08E-6,Escherichia coli,,,
NAD+,2.55E-3,Escherichia coli,,,
NADP+,2.08E-6,Escherichia coli,,,
NADP+,2.08E-6,Escherichia coli,,,
NADP+,2.08E-6,Escherichia coli,,,
NAD+,2.55E-3,Escherichia coli,,,
NADP+,2.08E-6,Escherichia coli,,,
NADPH,1.21E-4,Escherichia coli,,,
NAD+,2.55E-3,Escherichia coli,,,
erythrose-4-phosphate,4.90E-5,Escherichia coli,,,
NADP+,2.08E-6,Escherichia coli,,,
NAD+,2.55E-3,Escherichia coli,,,
NADP+,2.08E-6,Escherichia coli,,,
pyruvate,3.66E-3,Escherichia coli,,,
a-ketoglutarate,4.43E-4,Escherichia coli,,,
NAD+,2.55E-3,Escherichia coli,,,
NADPH,1.21E-4,Escherichia coli,,,
NADPH,1.21E-4,Escherichia coli,,,
NADH,8.36E-5,Escherichia coli,,,
NADPH,1.21E-4,Escherichia coli,,,
fumarate,2.88E-4,Escherichia coli,,,
succinate,5.69E-4,Escherichia coli,,,
dihydroorotate,1.19E-5,Escherichia coli,,,
fumarate,2.88E-4,Escherichia coli,,,
succinate,5.69E-4,Escherichia coli,,,
fumarate,2.88E-4,Escherichia coli,,,
succinate,5.69E-4,Escherichia coli,,,
glutamine,3.81E-3,Escherichia coli,,,
a-ketoglutarate,4.43E-4,Escherichia coli,,,
NADPH,1.21E-4,Escherichia coli,,,
a-ketoglutarate,4.43E-4,Escherichia coli,,,
glutamate,9.60E-2,Escherichia coli,,,
NADP+,2.08E-6,Escherichia coli,,,
NADPH,1.21E-4,Escherichia coli,,,
aspartate,4.23E-3,Escherichia coli,,,
NADH,8.36E-5,Escherichia coli,,,
NADPH,1.21E-4,Escherichia coli,,,
NADH,8.36E-5,Escherichia coli,,,
NADH,8.36E-5,Escherichia coli,,,
NADPH,1.21E-4,Escherichia coli,,,
riboflavin,1.90E-5,Escherichia coli,,,
flavin mononucleotide,5.37E-5,Escherichia coli,,,
NADPH,1.21E-4,Escherichia coli,,,
NADH,8.36E-5,Escherichia coli,,,
NADPH,1.21E-4,Escherichia coli,,,
riboflavin,1.90E-5,Escherichia coli,,,
NADH,8.36E-5,Escherichia coli,,,
FAD,1.73E-4,Escherichia coli,,,
flavin mononucleotide,5.37E-5,Escherichia coli,,,
NADH,8.36E-5,Escherichia coli,,,
FAD,1.73E-4,Escherichia coli,,,
flavin mononucleotide,5.37E-5,Escherichia coli,,,
NADPH,1.21E-4,Escherichia coli,,,
riboflavin,1.90E-5,Escherichia coli,,,
NADH,8.36E-5,Escherichia coli,,,
FAD,1.73E-4,Escherichia coli,,,
flavin mononucleotide,5.37E-5,Escherichia coli,,,
NADPH,1.21E-4,Escherichia coli,,,
NADH,8.36E-5,Escherichia coli,,,
FAD,1.73E-4,Escherichia coli,,,
proline,3.85E-4,Escherichia coli,,,
NADH,8.36E-5,Escherichia coli,,,
NADPH,1.21E-4,Escherichia coli,,,
NADPH,1.21E-4,Escherichia coli,,,
NADH,8.36E-5,Escherichia coli,,,
NADPH,1.21E-4,Escherichia coli,,,
NADH,8.36E-5,Escherichia coli,,,
NADPH,1.21E-4,Escherichia coli,,,
NADH,8.36E-5,Escherichia coli,,,
NADPH,1.21E-4,Escherichia coli,,,
NADH,8.36E-5,Escherichia coli,,,
NADH,8.36E-5,Escherichia coli,,,
NADH,8.36E-5,Escherichia coli,,,
GMP,2.37E-5,Escherichia coli,,,
NADPH,1.21E-4,Escherichia coli,,,
NAD+,2.55E-3,Escherichia coli,,,
NADH,8.36E-5,Escherichia coli,,,
glutathione disulfide,2.37E-3,Escherichia coli,,,
NADPH,1.21E-4,Escherichia coli,,,
NADPH,1.21E-4,Escherichia coli,,,
riboflavin,1.90E-5,Escherichia coli,,,
NADPH,1.21E-4,Escherichia coli,,,
riboflavin,1.90E-5,Escherichia coli,,,
flavin mononucleotide,5.37E-5,Escherichia coli,,,
S-adenosyl-L-methionine,1.84E-4,Escherichia coli,,,
homocysteine,3.70E-4,Escherichia coli,,,
S-adenosyl-L-methionine,1.84E-4,Escherichia coli,,,
homocysteine,3.70E-4,Escherichia coli,,,
homocysteine,3.70E-4,Escherichia coli,,,
aconitate,1.61E-5,Escherichia coli,,,
isocitrate,3.67E-5,Escherichia coli,,,
citrate,1.96E-3,Escherichia coli,,,
S-adenosyl-L-methionine,1.84E-4,Escherichia coli,,,
S-adenosyl-L-methionine,1.84E-4,Escherichia coli,,,
S-adenosyl-L-methionine,1.84E-4,Escherichia coli,,,
homocysteine,3.70E-4,Escherichia coli,,,
S-adenosyl-L-methionine,1.84E-4,Escherichia coli,,,
S-adenosyl-L-methionine,1.84E-4,Escherichia coli,,,
S-adenosyl-L-methionine,1.84E-4,Escherichia coli,,,
S-adenosyl-L-methionine,1.84E-4,Escherichia coli,,,
serine,1.13E-3,Escherichia coli,,,
ATP,9.63E-3,Escherichia coli,,,
aspartate,4.23E-3,Escherichia coli,,,
asparagine,5.11E-4,Escherichia coli,,,
ornithine,1.01E-5,Escherichia coli,,,
sedoheptulose-7-phosphate,8.82E-4,Escherichia coli,,,
xylulose-5-phosphate,1.81E-4,Escherichia coli,,,
ribose-5-phosphate,7.87E-4,Escherichia coli,,,
fructose-6-phosphate,2.52E-3,Escherichia coli,,,
erythrose-4-phosphate,4.90E-5,Escherichia coli,,,
sedoheptulose-7-phosphate,8.82E-4,Escherichia coli,,,
fructose-6-phosphate,2.52E-3,Escherichia coli,,,
erythrose-4-phosphate,4.90E-5,Escherichia coli,,,
pyruvate,3.66E-3,Escherichia coli,,,
glyceraldehyde-3-phosphate,2.71E-4,Escherichia coli,,,
pyruvate,3.66E-3,Escherichia coli,,,
a-ketoglutarate,4.43E-4,Escherichia coli,,,
acetyl-CoA,6.06E-4,Escherichia coli,,,
succinyl-CoA,2.33E-4,Escherichia coli,,,
UDP-N-acetyl-glucosamine,9.24E-3,Escherichia coli,,,
acetyl-CoA,6.06E-4,Escherichia coli,,,
sn-glycerol 3-phosphate,4.90E-5,Escherichia coli,,,
N-acetyl-glucosamine-1/6-phosphate,8.19E-5,Escherichia coli,,,
UTP,8.29E-3,Escherichia coli,,,
acetyl-CoA,6.06E-4,Escherichia coli,,,
acetoacetyl-CoA,2.18E-5,Escherichia coli,,,
malonyl-CoA,3.54E-5,Escherichia coli,,,
propionyl-CoA,5.32E-6,Escherichia coli,,,
acetyl-CoA,6.06E-4,Escherichia coli,,,
acetyl-CoA,6.06E-4,Escherichia coli,,,
acetyl-CoA,6.06E-4,Escherichia coli,,,
acetyl-CoA,6.06E-4,Escherichia coli,,,
propionyl-CoA,5.32E-6,Escherichia coli,,,
acetyl-CoA,6.06E-4,Escherichia coli,,,
serine,1.13E-3,Escherichia coli,,,
acetyl-CoA,6.06E-4,Escherichia coli,,,
acetyl-CoA,6.06E-4,Escherichia coli,,,
malonyl-CoA,3.54E-5,Escherichia coli,,,
malonyl-CoA,3.54E-5,Escherichia coli,,,
coenzyme-A,1.37E-3,Escherichia coli,,,
succinyl-CoA,2.33E-4,Escherichia coli,,,
alanine,2.55E-3,Escherichia coli,,,
phenylalanine,1.82E-5,Escherichia coli,,,
acetyl-CoA,6.06E-4,Escherichia coli,,,
coenzyme-A,1.37E-3,Escherichia coli,,,
pyruvate,3.66E-3,Escherichia coli,,,
acetyl-CoA,6.06E-4,Escherichia coli,,,
acetyl-CoA,6.06E-4,Escherichia coli,,,
acetyl-CoA,6.06E-4,Escherichia coli,,,
coenzyme-A,1.37E-3,Escherichia coli,,,
acetyl-CoA,6.06E-4,Escherichia coli,,,
malonyl-CoA,3.54E-5,Escherichia coli,,,
propionyl-CoA,5.32E-6,Escherichia coli,,,
acetyl-CoA,6.06E-4,Escherichia coli,,,
acetyl-CoA,6.06E-4,Escherichia coli,,,
acetyl-CoA,6.06E-4,Escherichia coli,,,
acetyl-CoA,6.06E-4,Escherichia coli,,,
glutathione,1.66E-2,Escherichia coli,,,
glutamine,3.81E-3,Escherichia coli,,,
arginine,5.69E-4,Escherichia coli,,,
oxaloacetate,4.87E-7,Escherichia coli,,,
acetyl-CoA,6.06E-4,Escherichia coli,,,
propionyl-CoA,5.32E-6,Escherichia coli,,,
acetyl-CoA,6.06E-4,Escherichia coli,,,
UDP-glucose,2.50E-3,Escherichia coli,,,
glucose-6-phosphate,7.88E-3,Escherichia coli,,,
UDP-glucose,2.50E-3,Escherichia coli,,,
ADP-glucose,4.27E-6,Escherichia coli,,,
UDP-N-acetyl-glucosamine,9.24E-3,Escherichia coli,,,
UDP-N-acetyl-glucosamine,9.24E-3,Escherichia coli,,,
UDP-glucose,2.50E-3,Escherichia coli,,,
UDP-glucose,2.50E-3,Escherichia coli,,,
UDP-glucose,2.50E-3,Escherichia coli,,,
deoxyguanosine,5.22E-7,Escherichia coli,,,
adenosine,1.31E-7,Escherichia coli,,,
guanosine,1.62E-6,Escherichia coli,,,
PRPP,2.58E-4,Escherichia coli,,,
glutamine,3.81E-3,Escherichia coli,,,
PRPP,2.58E-4,Escherichia coli,,,
PRPP,2.58E-4,Escherichia coli,,,
PRPP,2.58E-4,Escherichia coli,,,
quinolinate,1.15E-5,Escherichia coli,,,
PRPP,2.58E-4,Escherichia coli,,,
guanine,1.88E-4,Escherichia coli,,,
guanine,1.88E-4,Escherichia coli,,,
uridine,2.09E-3,Escherichia coli,,,
PRPP,2.58E-4,Escherichia coli,,,
adenine,1.47E-6,Escherichia coli,,,
PRPP,2.58E-4,Escherichia coli,,,
guanine,1.88E-4,Escherichia coli,,,
PRPP,2.58E-4,Escherichia coli,,,
S-adenosyl-L-methionine,1.84E-4,Escherichia coli,,,
glutathione,1.66E-2,Escherichia coli,,,
phosphoenolpyruvate,1.84E-4,Escherichia coli,,,
S-adenosyl-L-methionine,1.84E-4,Escherichia coli,,,
serine,1.13E-3,Escherichia coli,,,
acetyl-CoA,6.06E-4,Escherichia coli,,,
phosphoenolpyruvate,1.84E-4,Escherichia coli,,,
deoxyribose-5-phosphate,3.03E-4,Escherichia coli,,,
ribose-5-phosphate,7.87E-4,Escherichia coli,,,
erythrose-4-phosphate,4.90E-5,Escherichia coli,,,
phosphoenolpyruvate,1.84E-4,Escherichia coli,,,
deoxyribose-5-phosphate,3.03E-4,Escherichia coli,,,
phosphoenolpyruvate,1.84E-4,Escherichia coli,,,
ATP,9.63E-3,Escherichia coli,,,
methionine,1.45E-4,Escherichia coli,,,
UDP-N-acetyl-glucosamine,9.24E-3,Escherichia coli,,,
phosphoenolpyruvate,1.84E-4,Escherichia coli,,,
tryptophan,1.21E-5,Escherichia coli,,,
oxaloacetate,4.87E-7,Escherichia coli,,,
aspartate,4.23E-3,Escherichia coli,,,
a-ketoglutarate,4.43E-4,Escherichia coli,,,
glutamate,9.60E-2,Escherichia coli,,,
lysine,4.05E-4,Escherichia coli,,,
phenylalanine,1.82E-5,Escherichia coli,,,
tyrosine,2.89E-5,Escherichia coli,,,
glutamate,9.60E-2,Escherichia coli,,,
a-ketoglutarate,4.43E-4,Escherichia coli,,,
N-acetyl-ornithine,4.33E-5,Escherichia coli,,,
glutamine,3.81E-3,Escherichia coli,,,
glutamate,9.60E-2,Escherichia coli,,,
glucose-6-phosphate,7.88E-3,Escherichia coli,,,
fructose-6-phosphate,2.52E-3,Escherichia coli,,,
glutamate,9.60E-2,Escherichia coli,,,
a-ketoglutarate,4.43E-4,Escherichia coli,,,
pyruvate,3.66E-3,Escherichia coli,,,
a-ketoglutarate,4.43E-4,Escherichia coli,,,
oxaloacetate,4.87E-7,Escherichia coli,,,
a-ketoglutarate,4.43E-4,Escherichia coli,,,
glutamate,9.60E-2,Escherichia coli,,,
tryptophan,1.21E-5,Escherichia coli,,,
valine,4.02E-3,Escherichia coli,,,
methionine,1.45E-4,Escherichia coli,,,
a-ketoglutarate,4.43E-4,Escherichia coli,,,
isoleucine,1.52E-4,Escherichia coli,,,
leucine,1.52E-4,Escherichia coli,,,
phenylalanine,1.82E-5,Escherichia coli,,,
tyrosine,2.89E-5,Escherichia coli,,,
tyrosine,2.89E-5,Escherichia coli,,,
tryptophan,1.21E-5,Escherichia coli,,,
oxaloacetate,4.87E-7,Escherichia coli,,,
aspartate,4.23E-3,Escherichia coli,,,
methionine,1.45E-4,Escherichia coli,,,
a-ketoglutarate,4.43E-4,Escherichia coli,,,
glutamate,9.60E-2,Escherichia coli,,,
leucine,1.52E-4,Escherichia coli,,,
phenylalanine,1.82E-5,Escherichia coli,,,
tyrosine,2.89E-5,Escherichia coli,,,
phenylpyruvate,8.98E-5,Escherichia coli,,,
S-adenosyl-L-methionine,1.84E-4,Escherichia coli,,,
a-ketoglutarate,4.43E-4,Escherichia coli,,,
ITP,2.05E-4,Escherichia coli,,,
ATP,9.63E-3,Escherichia coli,,,
UTP,8.29E-3,Escherichia coli,,,
CTP,2.73E-3,Escherichia coli,,,
GTP,4.87E-3,Escherichia coli,,,
fructose-6-phosphate,2.52E-3,Escherichia coli,,,
ITP,2.05E-4,Escherichia coli,,,
ADP,5.55E-4,Escherichia coli,,,
dATP,1.55E-5,Escherichia coli,,,
ATP,9.63E-3,Escherichia coli,,,
GTP,4.87E-3,Escherichia coli,,,
ITP,2.05E-4,Escherichia coli,,,
ATP,9.63E-3,Escherichia coli,,,
UTP,8.29E-3,Escherichia coli,,,
CTP,2.73E-3,Escherichia coli,,,
GTP,4.87E-3,Escherichia coli,,,
fructose-6-phosphate,2.52E-3,Escherichia coli,,,
ATP,9.63E-3,Escherichia coli,,,
gluconate,4.16E-5,Escherichia coli,,,
ATP,9.63E-3,Escherichia coli,,,
ATP,9.63E-3,Escherichia coli,,,
ATP,9.63E-3,Escherichia coli,,,
ATP,9.63E-3,Escherichia coli,,,
ATP,9.63E-3,Escherichia coli,,,
glycerate,1.41E-3,Escherichia coli,,,
ATP,9.63E-3,Escherichia coli,,,
ATP,9.63E-3,Escherichia coli,,,
ATP,9.63E-3,Escherichia coli,,,
NAD+,2.55E-3,Escherichia coli,,,
adenosine-phosphosulfate,6.63E-6,Escherichia coli,,,
ATP,9.63E-3,Escherichia coli,,,
dihydroxyacetonephosphate,3.06E-3,Escherichia coli,,,
ATP,9.63E-3,Escherichia coli,,,
ATP,9.63E-3,Escherichia coli,,,
ATP,9.63E-3,Escherichia coli,,,
uridine,2.09E-3,Escherichia coli,,,
cytidine,2.59E-6,Escherichia coli,,,
ATP,9.63E-3,Escherichia coli,,,
ATP,9.63E-3,Escherichia coli,,,
ITP,2.05E-4,Escherichia coli,,,
ATP,9.63E-3,Escherichia coli,,,
ATP,9.63E-3,Escherichia coli,,,
ITP,2.05E-4,Escherichia coli,,,
dATP,1.55E-5,Escherichia coli,,,
dTTP,4.62E-3,Escherichia coli,,,
UTP,8.29E-3,Escherichia coli,,,
CTP,2.73E-3,Escherichia coli,,,
GTP,4.87E-3,Escherichia coli,,,
ATP,9.63E-3,Escherichia coli,,,
shikimate,1.41E-5,Escherichia coli,,,
dATP,1.55E-5,Escherichia coli,,,
ATP,9.63E-3,Escherichia coli,,,
guanosine,1.62E-6,Escherichia coli,,,
ATP,9.63E-3,Escherichia coli,,,
ADP,5.55E-4,Escherichia coli,,,
ATP,9.63E-3,Escherichia coli,,,
ATP,9.63E-3,Escherichia coli,,,
ITP,2.05E-4,Escherichia coli,,,
ADP,5.55E-4,Escherichia coli,,,
ATP,9.63E-3,Escherichia coli,,,
GTP,4.87E-3,Escherichia coli,,,
ATP,9.63E-3,Escherichia coli,,,
ATP,9.63E-3,Escherichia coli,,,
aspartate,4.23E-3,Escherichia coli,,,
asparagine,5.11E-4,Escherichia coli,,,
ATP,9.63E-3,Escherichia coli,,,
phosphoenolpyruvate,1.84E-4,Escherichia coli,,,
ADP,5.55E-4,Escherichia coli,,,
ATP,9.63E-3,Escherichia coli,,,
GDP,6.76E-4,Escherichia coli,,,
dGMP,5.07E-5,Escherichia coli,,,
ATP,9.63E-3,Escherichia coli,,,
ATP,9.63E-3,Escherichia coli,,,
ATP,9.63E-3,Escherichia coli,,,
UTP,8.29E-3,Escherichia coli,,,
GTP,4.87E-3,Escherichia coli,,,
dGMP,5.07E-5,Escherichia coli,,,
dATP,1.55E-5,Escherichia coli,,,
ATP,9.63E-3,Escherichia coli,,,
GTP,4.87E-3,Escherichia coli,,,
CMP,3.60E-4,Escherichia coli,,,
AMP,2.81E-4,Escherichia coli,,,
dAMP,8.84E-6,Escherichia coli,,,
ADP,5.55E-4,Escherichia coli,,,
ATP,9.63E-3,Escherichia coli,,,
ATP,9.63E-3,Escherichia coli,,,
dGMP,5.07E-5,Escherichia coli,,,
ATP,9.63E-3,Escherichia coli,,,
AMP,2.81E-4,Escherichia coli,,,
ATP,9.63E-3,Escherichia coli,,,
ribose-5-phosphate,7.87E-4,Escherichia coli,,,
ATP,9.63E-3,Escherichia coli,,,
ATP,9.63E-3,Escherichia coli,,,
NAD+,2.55E-3,Escherichia coli,,,
UDP-glucose,2.50E-3,Escherichia coli,,,
ATP,9.63E-3,Escherichia coli,,,
NAD+,2.55E-3,Escherichia coli,,,
ATP,9.63E-3,Escherichia coli,,,
CTP,2.73E-3,Escherichia coli,,,
N-acetyl-glucosamine-1/6-phosphate,8.19E-5,Escherichia coli,,,
UTP,8.29E-3,Escherichia coli,,,
dTTP,4.62E-3,Escherichia coli,,,
ATP,9.63E-3,Escherichia coli,,,
ATP,9.63E-3,Escherichia coli,,,
UTP,8.29E-3,Escherichia coli,,,
dCTP,3.45E-5,Escherichia coli,,,
CTP,2.73E-3,Escherichia coli,,,
dCTP,3.45E-5,Escherichia coli,,,
ATP,9.63E-3,Escherichia coli,,,
CTP,2.73E-3,Escherichia coli,,,
ATP,9.63E-3,Escherichia coli,,,
"2,3-dihydroxybenzoic acid",1.38E-4,Escherichia coli,,,
dTTP,4.62E-3,Escherichia coli,,,
CTP,2.73E-3,Escherichia coli,,,
ATP,9.63E-3,Escherichia coli,,,
CTP,2.73E-3,Escherichia coli,,,
dTTP,4.62E-3,Escherichia coli,,,
UTP,8.29E-3,Escherichia coli,,,
ATP,9.63E-3,Escherichia coli,,,
GTP,4.87E-3,Escherichia coli,,,
UDP-N-acetyl-glucosamine,9.24E-3,Escherichia coli,,,
sn-glycerol 3-phosphate,4.90E-5,Escherichia coli,,,
coenzyme-A,1.37E-3,Escherichia coli,,,
malonyl-CoA,3.54E-5,Escherichia coli,,,
acetoacetyl-CoA,2.18E-5,Escherichia coli,,,
acetyl-CoA,6.06E-4,Escherichia coli,,,
serine,1.13E-3,Escherichia coli,,,
ATP,9.63E-3,Escherichia coli,,,
pyruvate,3.66E-3,Escherichia coli,,,
ATP,9.63E-3,Escherichia coli,,,
ATP,9.63E-3,Escherichia coli,,,
acetoacetyl-CoA,2.18E-5,Escherichia coli,,,
acetyl-CoA,6.06E-4,Escherichia coli,,,
dATP,1.55E-5,Escherichia coli,,,
ATP,9.63E-3,Escherichia coli,,,
acetyl-CoA,6.06E-4,Escherichia coli,,,
glucose-6-phosphate,7.88E-3,Escherichia coli,,,
ribose-5-phosphate,7.87E-4,Escherichia coli,,,
fructose-6-phosphate,2.52E-3,Escherichia coli,,,
"fructose-1,6-bisphosphate",1.52E-2,Escherichia coli,,,
ATP,9.63E-3,Escherichia coli,,,
GTP,4.87E-3,Escherichia coli,,,
sn-glycerol 3-phosphate,4.90E-5,Escherichia coli,,,
glucose-6-phosphate,7.88E-3,Escherichia coli,,,
glucosamine-6-phosphate,1.15E-3,Escherichia coli,,,
ribose-5-phosphate,7.87E-4,Escherichia coli,,,
fructose-6-phosphate,2.52E-3,Escherichia coli,,,
AMP,2.81E-4,Escherichia coli,,,
dAMP,8.84E-6,Escherichia coli,,,
dGMP,5.07E-5,Escherichia coli,,,
GMP,2.37E-5,Escherichia coli,,,
AMP,2.81E-4,Escherichia coli,,,
dAMP,8.84E-6,Escherichia coli,,,
dGMP,5.07E-5,Escherichia coli,,,
GMP,2.37E-5,Escherichia coli,,,
IMP,2.72E-4,Escherichia coli,,,
AMP,2.81E-4,Escherichia coli,,,
dGMP,5.07E-5,Escherichia coli,,,
GMP,2.37E-5,Escherichia coli,,,
"fructose-1,6-bisphosphate",1.52E-2,Escherichia coli,,,
NADP+,2.08E-6,Escherichia coli,,,
NADPH,1.21E-4,Escherichia coli,,,
"fructose-1,6-bisphosphate",1.52E-2,Escherichia coli,,,
dAMP,8.84E-6,Escherichia coli,,,
dGMP,5.07E-5,Escherichia coli,,,
ADP,5.55E-4,Escherichia coli,,,
ATP,9.63E-3,Escherichia coli,,,
CTP,2.73E-3,Escherichia coli,,,
NADP+,2.08E-6,Escherichia coli,,,
ADP,5.55E-4,Escherichia coli,,,
ATP,9.63E-3,Escherichia coli,,,
CTP,2.73E-3,Escherichia coli,,,
NADP+,2.08E-6,Escherichia coli,,,
GTP,4.87E-3,Escherichia coli,,,
AMP,2.81E-4,Escherichia coli,,,
uridine,2.09E-3,Escherichia coli,,,
cytidine,2.59E-6,Escherichia coli,,,
ATP,9.63E-3,Escherichia coli,,,
ATP,9.63E-3,Escherichia coli,,,
ATP,9.63E-3,Escherichia coli,,,
CTP,2.73E-3,Escherichia coli,,,
GTP,4.87E-3,Escherichia coli,,,
asparagine,5.11E-4,Escherichia coli,,,
glutamine,3.81E-3,Escherichia coli,,,
N-acetyl-ornithine,4.33E-5,Escherichia coli,,,
glutamine,3.81E-3,Escherichia coli,,,
glutamate,9.60E-2,Escherichia coli,,,
glucosamine-6-phosphate,1.15E-3,Escherichia coli,,,
dihydroorotate,1.19E-5,Escherichia coli,,,
carbamoyl-aspartate,5.90E-4,Escherichia coli,,,
arginine,5.69E-4,Escherichia coli,,,
cytosine,1.41E-5,Escherichia coli,,,
adenine,1.47E-6,Escherichia coli,,,
GTP,4.87E-3,Escherichia coli,,,
guanine,1.88E-4,Escherichia coli,,,
deoxyadenosine,2.82E-6,Escherichia coli,,,
adenosine,1.31E-7,Escherichia coli,,,
cytosine,1.41E-5,Escherichia coli,,,
cytidine,2.59E-6,Escherichia coli,,,
glucosamine-6-phosphate,1.15E-3,Escherichia coli,,,
fructose-6-phosphate,2.52E-3,Escherichia coli,,,
AMP,2.81E-4,Escherichia coli,,,
dGMP,5.07E-5,Escherichia coli,,,
GMP,2.37E-5,Escherichia coli,,,
dTDP,3.78E-4,Escherichia coli,,,
dATP,1.55E-5,Escherichia coli,,,
dTTP,4.62E-3,Escherichia coli,,,
dCTP,3.45E-5,Escherichia coli,,,
GTP,4.87E-3,Escherichia coli,,,
GDP,6.76E-4,Escherichia coli,,,
ADP-glucose,4.27E-6,Escherichia coli,,,
NAD+,2.55E-3,Escherichia coli,,,
NADH,8.36E-5,Escherichia coli,,,
UDP-glucose,2.50E-3,Escherichia coli,,,
GTP,4.87E-3,Escherichia coli,,,
GDP,6.76E-4,Escherichia coli,,,
dCTP,3.45E-5,Escherichia coli,,,
CTP,2.73E-3,Escherichia coli,,,
ATP,9.63E-3,Escherichia coli,,,
ADP,5.55E-4,Escherichia coli,,,
ATP,9.63E-3,Escherichia coli,,,
ATP,9.63E-3,Escherichia coli,,,
ATP,9.63E-3,Escherichia coli,,,
ATP,9.63E-3,Escherichia coli,,,
ATP,9.63E-3,Escherichia coli,,,
ATP,9.63E-3,Escherichia coli,,,
ATP,9.63E-3,Escherichia coli,,,
ATP,9.63E-3,Escherichia coli,,,
ATP,9.63E-3,Escherichia coli,,,
ATP,9.63E-3,Escherichia coli,,,
ATP,9.63E-3,Escherichia coli,,,
ATP,9.63E-3,Escherichia coli,,,
ATP,9.63E-3,Escherichia coli,,,
ATP,9.63E-3,Escherichia coli,,,
ATP,9.63E-3,Escherichia coli,,,
GTP,4.87E-3,Escherichia coli,,,
GTP,4.87E-3,Escherichia coli,,,
GTP,4.87E-3,Escherichia coli,,,
aspartate,4.23E-3,Escherichia coli,,,
glutamate,9.60E-2,Escherichia coli,,,
ornithine,1.01E-5,Escherichia coli,,,
lysine,4.05E-4,Escherichia coli,,,
arginine,5.69E-4,Escherichia coli,,,
phosphoenolpyruvate,1.84E-4,Escherichia coli,,,
ADP,5.55E-4,Escherichia coli,,,
ATP,9.63E-3,Escherichia coli,,,
phosphoenolpyruvate,1.84E-4,Escherichia coli,,,
oxaloacetate,4.87E-7,Escherichia coli,,,
S-adenosyl-L-methionine,1.84E-4,Escherichia coli,,,
"fructose-1,6-bisphosphate",1.52E-2,Escherichia coli,,,
dihydroxyacetonephosphate,3.06E-3,Escherichia coli,,,
dihydroxyacetonephosphate,3.06E-3,Escherichia coli,,,
erythrose-4-phosphate,4.90E-5,Escherichia coli,,,
deoxyribose-5-phosphate,3.03E-4,Escherichia coli,,,
threonine,1.26E-3,Escherichia coli,,,
threonine,1.26E-3,Escherichia coli,,,
pyruvate,3.66E-3,Escherichia coli,,,
succinate,5.69E-4,Escherichia coli,,,
isocitrate,3.67E-5,Escherichia coli,,,
glutamine,3.81E-3,Escherichia coli,,,
pyruvate,3.66E-3,Escherichia coli,,,
oxaloacetate,4.87E-7,Escherichia coli,,,
acetyl-CoA,6.06E-4,Escherichia coli,,,
pyruvate,3.66E-3,Escherichia coli,,,
citrate,1.96E-3,Escherichia coli,,,
tryptophan,1.21E-5,Escherichia coli,,,
pyruvate,3.66E-3,Escherichia coli,,,
serine,1.13E-3,Escherichia coli,,,
tyrosine,2.89E-5,Escherichia coli,,,
fumarate,2.88E-4,Escherichia coli,,,
malate,1.68E-3,Escherichia coli,,,
aconitate,1.61E-5,Escherichia coli,,,
citrate,1.96E-3,Escherichia coli,,,
UDP-glucose,2.50E-3,Escherichia coli,,,
NAD+,2.55E-3,Escherichia coli,,,
dihydroxyacetonephosphate,3.06E-3,Escherichia coli,,,
aspartate,4.23E-3,Escherichia coli,,,
serine,1.13E-3,Escherichia coli,,,
serine,1.13E-3,Escherichia coli,,,
serine,1.13E-3,Escherichia coli,,,
serine,1.13E-3,Escherichia coli,,,
threonine,1.26E-3,Escherichia coli,,,
pyruvate,3.66E-3,Escherichia coli,,,
ATP,9.63E-3,Escherichia coli,,,
GTP,4.87E-3,Escherichia coli,,,
alanine,2.55E-3,Escherichia coli,,,
glutamate,9.60E-2,Escherichia coli,,,
UDP-N-acetyl-glucosamine,9.24E-3,Escherichia coli,,,
UDP-glucose,2.50E-3,Escherichia coli,,,
UDP-N-acetyl-glucosamine,9.24E-3,Escherichia coli,,,
glyceraldehyde-3-phosphate,2.71E-4,Escherichia coli,,,
ribulose-5-phosphate,1.12E-4,Escherichia coli,,,
sedoheptulose-7-phosphate,8.82E-4,Escherichia coli,,,
ribose-5-phosphate,7.87E-4,Escherichia coli,,,
fructose-6-phosphate,2.52E-3,Escherichia coli,,,
glucose-6-phosphate,7.88E-3,Escherichia coli,,,
fructose-6-phosphate,2.52E-3,Escherichia coli,,,
glucosamine-6-phosphate,1.15E-3,Escherichia coli,,,
ATP,9.63E-3,Escherichia coli,,,
tyrosine,2.89E-5,Escherichia coli,,,
ATP,9.63E-3,Escherichia coli,,,
methionine,1.45E-4,Escherichia coli,,,
ATP,9.63E-3,Escherichia coli,,,
serine,1.13E-3,Escherichia coli,,,
ATP,9.63E-3,Escherichia coli,,,
aspartate,4.23E-3,Escherichia coli,,,
ATP,9.63E-3,Escherichia coli,,,
ATP,9.63E-3,Escherichia coli,,,
alanine,2.55E-3,Escherichia coli,,,
proline,3.85E-4,Escherichia coli,,,
ATP,9.63E-3,Escherichia coli,,,
ATP,9.63E-3,Escherichia coli,,,
glutamate,9.60E-2,Escherichia coli,,,
ATP,9.63E-3,Escherichia coli,,,
glutamine,3.81E-3,Escherichia coli,,,
dATP,1.55E-5,Escherichia coli,,,
ATP,9.63E-3,Escherichia coli,,,
arginine,5.69E-4,Escherichia coli,,,
ATP,9.63E-3,Escherichia coli,,,
tryptophan,1.21E-5,Escherichia coli,,,
dATP,1.55E-5,Escherichia coli,,,
ATP,9.63E-3,Escherichia coli,,,
phenylalanine,1.82E-5,Escherichia coli,,,
tyrosine,2.89E-5,Escherichia coli,,,
ATP,9.63E-3,Escherichia coli,,,
histidine,6.76E-5,Escherichia coli,,,
ATP,9.63E-3,Escherichia coli,,,
asparagine,5.11E-4,Escherichia coli,,,
ATP,9.63E-3,Escherichia coli,,,
glutamate,9.60E-2,Escherichia coli,,,
ATP,9.63E-3,Escherichia coli,,,
serine,1.13E-3,Escherichia coli,,,
threonine,1.26E-3,Escherichia coli,,,
ATP,9.63E-3,Escherichia coli,,,
methionine,1.45E-4,Escherichia coli,,,
isoleucine,1.52E-4,Escherichia coli,,,
leucine,1.52E-4,Escherichia coli,,,
ATP,9.63E-3,Escherichia coli,,,
isoleucine,1.52E-4,Escherichia coli,,,
ATP,9.63E-3,Escherichia coli,,,
lysine,4.05E-4,Escherichia coli,,,
ATP,9.63E-3,Escherichia coli,,,
alanine,2.55E-3,Escherichia coli,,,
serine,1.13E-3,Escherichia coli,,,
ATP,9.63E-3,Escherichia coli,,,
threonine,1.26E-3,Escherichia coli,,,
valine,4.02E-3,Escherichia coli,,,
isoleucine,1.52E-4,Escherichia coli,,,
ATP,9.63E-3,Escherichia coli,,,
glutamate,9.60E-2,Escherichia coli,,,
ATP,9.63E-3,Escherichia coli,,,
ATP,9.63E-3,Escherichia coli,,,
coenzyme-A,1.37E-3,Escherichia coli,,,
ATP,9.63E-3,Escherichia coli,,,
coenzyme-A,1.37E-3,Escherichia coli,,,
ATP,9.63E-3,Escherichia coli,,,
coenzyme-A,1.37E-3,Escherichia coli,,,
succinate,5.69E-4,Escherichia coli,,,
ATP,9.63E-3,Escherichia coli,,,
ATP,9.63E-3,Escherichia coli,,,
glutamine,3.81E-3,Escherichia coli,,,
glutamate,9.60E-2,Escherichia coli,,,
ATP,9.63E-3,Escherichia coli,,,
glutamine,3.81E-3,Escherichia coli,,,
glutathione,1.66E-2,Escherichia coli,,,
ATP,9.63E-3,Escherichia coli,,,
ATP,9.63E-3,Escherichia coli,,,
glutamate,9.60E-2,Escherichia coli,,,
ATP,9.63E-3,Escherichia coli,,,
serine,1.13E-3,Escherichia coli,,,
ATP,9.63E-3,Escherichia coli,,,
glutamate,9.60E-2,Escherichia coli,,,
ATP,9.63E-3,Escherichia coli,,,
glutamate,9.60E-2,Escherichia coli,,,
ATP,9.63E-3,Escherichia coli,,,
ATP,9.63E-3,Escherichia coli,,,
CTP,2.73E-3,Escherichia coli,,,
aspartate,4.23E-3,Escherichia coli,,,
ATP,9.63E-3,Escherichia coli,,,
alanine,2.55E-3,Escherichia coli,,,
serine,1.13E-3,Escherichia coli,,,
threonine,1.26E-3,Escherichia coli,,,
valine,4.02E-3,Escherichia coli,,,
isoleucine,1.52E-4,Escherichia coli,,,
ATP,9.63E-3,Escherichia coli,,,
ATP,9.63E-3,Escherichia coli,,,
ATP,9.63E-3,Escherichia coli,,,
ADP,5.55E-4,Escherichia coli,,,
ATP,9.63E-3,Escherichia coli,,,
ATP,9.63E-3,Escherichia coli,,,
ATP,9.63E-3,Escherichia coli,,,
ATP,9.63E-3,Escherichia coli,,,
lysine,4.05E-4,Escherichia coli,,,
ATP,9.63E-3,Escherichia coli,,,
glutamine,3.81E-3,Escherichia coli,,,
UTP,8.29E-3,Escherichia coli,,,
ATP,9.63E-3,Escherichia coli,,,
PRPP,2.58E-4,Escherichia coli,,,
ITP,2.05E-4,Escherichia coli,,,
IMP,2.72E-4,Escherichia coli,,,
aspartate,4.23E-3,Escherichia coli,,,
UTP,8.29E-3,Escherichia coli,,,
GTP,4.87E-3,Escherichia coli,,,
ATP,9.63E-3,Escherichia coli,,,
glutamine,3.81E-3,Escherichia coli,,,
ATP,9.63E-3,Escherichia coli,,,
aspartate,4.23E-3,Escherichia coli,,,
glutamine,3.81E-3,Escherichia coli,,,
ATP,9.63E-3,Escherichia coli,,,
glutamine,3.81E-3,Escherichia coli,,,
malonyl-CoA,3.54E-5,Escherichia coli,,,
ATP,9.63E-3,Escherichia coli,,,
NAD+,2.55E-3,Escherichia coli,,,
ATP,9.63E-3,Escherichia coli,,,
GTP,4.87E-3,Escherichia coli,,,
